ImageID,Normalized
PAT_821_1547_77.png,-0.4118840156544688
PAT_375_764_705.png,-0.5336351019277022
PAT_756_1496_599.png,-0.33448256771421864
PAT_1374_1286_775.png,0.891930009545034
PAT_840_1595_981.png,0.43639034597864895
PAT_99_153_636.png,-0.5067595241760888
PAT_996_6_886.png,-0.5336351019277022
PAT_963_1820_823.png,-0.45683437883567235
PAT_633_1199_218.png,0.9973941342605591
PAT_815_1536_963.png,-0.5447800765346438
PAT_877_1667_118.png,-0.4592773102800178
PAT_574_1081_628.png,-0.4380625701177667
PAT_1374_1286_939.png,0.24119055117884616
PAT_474_912_879.png,-0.4039364918389157
PAT_1374_1285_735.png,-0.45437942088557526
PAT_920_1748_942.png,-0.40532868375370545
PAT_2082_4491_519.png,-0.5067595241760888
PAT_753_1427_658.png,-0.0481284698547148
PAT_999_20_401.png,2.292947618452792
PAT_678_1287_652.png,0.24426906230456064
PAT_90_138_369.png,-0.5067595241760888
PAT_639_3676_760.png,0.43986997762586305
PAT_1618_2771_628.png,-0.3964664396309731
PAT_42_58_13.png,-0.5336351019277022
PAT_1407_1402_734.png,-0.5945868393437883
PAT_837_1583_124.png,-0.4592773102800178
PAT_1783_3414_120.png,-0.961426588520352
PAT_53_81_522.png,-0.5064470150197949
PAT_1780_3381_999.png,-0.47848259215306865
PAT_255_388_77.png,-0.5681572480988333
PAT_1946_3924_929.png,-0.4263252759779114
PAT_217_333_61.png,-0.5051145500252018
PAT_294_638_564.png,-0.4338071458013726
PAT_2129_4680_110.png,5.398999810445805
PAT_988_1858_944.png,-0.5067595241760888
PAT_2159_4792_718.png,0.17740663121304678
PAT_384_782_292.png,-0.5012312174169103
PAT_1026_124_206.png,-0.20932204001371146
PAT_360_742_782.png,-0.3277293165405205
PAT_1314_1108_442.png,-0.15764889431887225
PAT_270_417_728.png,0.30542648605769446
PAT_639_1208_986.png,-0.23298737601907063
PAT_150_1799_644.png,-0.47848259215306865
PAT_1764_3336_981.png,-0.20832742965313755
PAT_106_159_325.png,-0.655156963683073
PAT_304_4186_458.png,-0.9657798555857485
PAT_148_220_174.png,1.0104899470895143
PAT_724_1369_896.png,-0.5067595241760888
PAT_1034_161_203.png,-0.44246373713212755
PAT_2157_4789_969.png,-0.5441105341897
PAT_1730_3236_201.png,2.504115012122729
PAT_1229_794_274.png,-0.4725006543602458
PAT_810_1526_67.png,-0.5134241461111696
PAT_1866_3660_115.png,-0.5067595241760888
PAT_84_128_233.png,-0.5067595241760888
PAT_330_1438_323.png,-0.655156963683073
PAT_370_2558_175.png,-0.2621832725235737
PAT_63_99_736.png,-0.5447800765346438
PAT_522_986_800.png,-0.4721341375089944
PAT_771_1489_70.png,-0.47276128204371987
PAT_121_184_502.png,0.0706843986604084
PAT_154_235_162.png,-0.5067595241760888
PAT_1978_4004_304.png,-0.20930379120190756
PAT_1899_3779_475.png,-0.5945868393437883
PAT_1286_999_824.png,0.35860384170085513
PAT_935_1781_341.png,-0.3691440034793969
PAT_817_4471_179.png,-0.3724430775691298
PAT_903_1719_943.png,-0.5067595241760888
PAT_1315_1110_317.png,3.1789541695293906
PAT_1089_375_677.png,-0.5336351019277022
PAT_573_1090_164.png,-0.5067595241760888
PAT_82_125_907.png,-0.4725006543602458
PAT_406_1542_754.png,-0.4503977388588487
PAT_252_383_31.png,0.6860467818219023
PAT_1464_1612_284.png,-0.4547027314702429
PAT_1340_1207_304.png,3.4735225328030337
PAT_180_756_831.png,-0.12184556160901647
PAT_677_1349_851.png,-0.1407175166357213
PAT_707_1327_245.png,3.0478860324733237
PAT_942_1792_411.png,-0.4586727570850818
PAT_337_1697_721.png,0.932039239630844
PAT_1469_1627_109.png,-0.42138993103390177
PAT_340_714_314.png,-0.4592773102800178
PAT_753_1428_451.png,-0.15789102342467495
PAT_460_893_883.png,0.47879957639367476
PAT_1720_3208_130.png,-0.4707667448090503
PAT_1332_1174_839.png,-0.5006196352857446
PAT_1418_1449_580.png,-0.4725006543602458
PAT_775_1463_616.png,-0.4385946848991713
PAT_1976_4000_701.png,-0.44767234447333487
PAT_373_2598_235.png,-0.1790774429377003
PAT_1786_3419_768.png,-0.39130163943782204
PAT_115_176_455.png,-0.20184280596609327
PAT_616_1169_3.png,-0.5221399994508562
PAT_834_1572_973.png,-0.5049466478296615
PAT_326_690_797.png,-0.5067595241760888
PAT_815_1535_536.png,-0.336782359879191
PAT_439_2887_834.png,-0.4592773102800178
PAT_154_237_2.png,0.7522704450092145
PAT_860_1641_998.png,-0.47848259215306865
PAT_934_1778_140.png,-0.5945868393437883
PAT_247_1293_449.png,-0.5067595241760888
PAT_407_810_390.png,-0.5067595241760888
PAT_1129_498_930.png,-0.5281279071325508
PAT_521_984_412.png,2.253543888999501
PAT_880_1674_223.png,0.24518741142053577
PAT_1431_1495_511.png,-0.5945868393437883
PAT_343_717_927.png,1.4868558417802507
PAT_575_1087_29.png,0.06897671252394161
PAT_2089_4529_762.png,-0.4942744237507666
PAT_1112_455_845.png,-0.5067595241760888
PAT_1673_3011_440.png,-0.4537911448877962
PAT_236_361_180.png,1.5885597436193382
PAT_212_327_532.png,-0.5067595241760888
PAT_1403_1392_848.png,-0.37616842736323336
PAT_452_882_896.png,-0.21083449396239615
PAT_1393_1356_371.png,-0.4592773102800178
PAT_45_66_822.png,0.6509396950079471
PAT_954_1808_415.png,-0.5067595241760888
PAT_1552_1895_190.png,-0.5067595241760888
PAT_665_1260_16.png,-0.4592773102800178
PAT_1340_1208_931.png,-0.14062676406092867
PAT_834_1572_430.png,2.476235047426127
PAT_165_256_460.png,-0.24184423850893738
PAT_259_399_801.png,-0.4118840156544688
PAT_302_650_477.png,2.9226266691703344
PAT_158_243_947.png,-0.5067132773107825
PAT_1439_1521_868.png,-0.5067595241760888
PAT_1259_892_793.png,-0.4118840156544688
PAT_480_921_1.png,-0.5067595241760888
PAT_389_2600_833.png,-0.47848259215306865
PAT_147_219_206.png,-0.39879070623688007
PAT_1017_97_577.png,-0.41594637815151453
PAT_614_1166_885.png,0.7571181198156438
PAT_1460_1598_746.png,-0.5067595241760888
PAT_2154_4783_625.png,-0.3390555754312153
PAT_108_161_423.png,0.32706250303473033
PAT_393_793_852.png,-0.5447800765346438
PAT_100_393_898.png,-0.5067595241760888
PAT_1531_1800_683.png,1.641360623798696
PAT_851_1623_815.png,0.19742980141772715
PAT_1184_676_904.png,-0.588676779700575
PAT_1586_2624_615.png,-0.17187776994032777
PAT_645_4043_374.png,-0.5067595241760888
PAT_1379_1300_924.png,-0.4385946848991713
PAT_1477_1660_226.png,2.089263327597651
PAT_629_1192_362.png,0.9197208508324953
PAT_330_698_211.png,1.206056732866387
PAT_861_1639_823.png,0.7053226063012027
PAT_38_53_198.png,-0.08037626543948526
PAT_460_894_242.png,-0.8680885306580413
PAT_363_746_18.png,-0.3398275909890866
PAT_566_179_23.png,-0.4725006543602458
PAT_201_946_262.png,-0.3933605193939807
PAT_2036_4281_271.png,0.9284010344277499
PAT_217_1290_283.png,-0.5325056849896123
PAT_1481_1674_735.png,-0.5067595241760888
PAT_2053_4360_281.png,-0.5067595241760888
PAT_730_1383_535.png,-0.4118840156544688
PAT_847_1610_165.png,-0.4592773102800178
PAT_40_56_160.png,-0.15696525332500855
PAT_880_1673_410.png,-0.5691847534033891
PAT_1805_3477_772.png,-0.5945868393437883
PAT_1573_2499_849.png,1.7001252115934102
PAT_279_429_142.png,3.2632555873386515
PAT_2071_4433_848.png,-0.381936012005354
PAT_488_931_321.png,-0.4569420301401457
PAT_101_1041_658.png,-0.4768574492201248
PAT_838_1587_73.png,1.2091960030297912
PAT_1333_1177_434.png,-0.4592773102800178
PAT_366_2448_563.png,-0.03459592854085133
PAT_149_221_679.png,-0.5067595241760888
PAT_1376_1297_686.png,-0.5869432759164429
PAT_766_1444_52.png,-0.655156963683073
PAT_213_328_117.png,-0.4554082021027233
PAT_1109_437_254.png,0.11810227872627187
PAT_995_1867_165.png,-0.4385946848991713
PAT_919_1744_318.png,-0.4118840156544688
PAT_1780_3380_542.png,-0.33448256771421864
PAT_1158_570_376.png,-0.5336351019277022
PAT_756_1496_480.png,0.594955615521466
PAT_1770_3344_274.png,-0.5034926226883192
PAT_187_287_482.png,-0.4895974174724315
PAT_388_1589_976.png,-0.5377349641288588
PAT_1396_1360_4.png,1.514091010462587
PAT_1377_3512_370.png,3.6247340818060008
PAT_1701_3136_33.png,-0.5945868393437883
PAT_409_812_974.png,-0.40671362910092956
PAT_145_216_158.png,-0.4118840156544688
PAT_479_919_97.png,2.1666471094041007
PAT_625_1184_412.png,-0.5067595241760888
PAT_886_1684_297.png,-0.4725006543602458
PAT_1733_3239_389.png,-0.5447800765346438
PAT_383_779_429.png,-0.4746010601849083
PAT_1415_1440_629.png,-0.5945868393437883
PAT_1812_3492_670.png,2.7242223809072836
PAT_691_1312_389.png,-0.1278969038165577
PAT_443_864_894.png,-0.21085402064850955
PAT_705_4015_413.png,-0.594052902185418
PAT_1547_1876_839.png,-0.5939447219889188
PAT_223_1068_246.png,-0.5945868393437883
PAT_2161_4819_719.png,-0.4725006543602458
PAT_1593_2651_122.png,0.1224619611991464
PAT_300_1689_862.png,-0.21066858518348586
PAT_620_1176_980.png,-0.5871410750783483
PAT_437_857_425.png,-0.5067595241760888
PAT_255_388_231.png,0.057207349994466805
PAT_345_719_815.png,0.2552108309167041
PAT_888_1685_268.png,-0.6868936173115776
PAT_1247_852_178.png,-0.5915535907052524
PAT_834_4490_317.png,-0.137019455012683
PAT_69_1053_540.png,-0.4725006543602458
PAT_1415_1439_295.png,-0.5945868393437883
PAT_453_883_719.png,-0.5608255358151162
PAT_1414_1432_969.png,-0.4725006543602458
PAT_690_1309_981.png,-0.411488860913988
PAT_73_111_609.png,-0.4118840156544688
PAT_680_1289_182.png,-0.3811942886870336
PAT_387_786_213.png,-0.09921844682920819
PAT_1934_3890_306.png,-0.5945868393437883
PAT_974_1841_693.png,-0.44695458952711054
PAT_328_1738_890.png,-0.4995089442363031
PAT_247_1294_292.png,-0.4118840156544688
PAT_451_878_890.png,0.2950322357021365
PAT_640_1210_293.png,0.42964815409939444
PAT_656_1246_489.png,-0.4592773102800178
PAT_646_1225_590.png,1.9873998785001923
PAT_1849_3629_214.png,0.07545460588723485
PAT_267_1258_693.png,-0.49583457864439834
PAT_9_17_80.png,-0.21416152894563628
PAT_1278_966_295.png,-0.5067595241760888
PAT_43_1017_483.png,-0.2168515793843179
PAT_1209_737_590.png,1.5547131174116022
PAT_1216_759_365.png,3.324737001357267
PAT_684_1303_368.png,-0.47848259215306865
PAT_1818_3568_132.png,-0.4723959150782233
PAT_860_1641_440.png,-0.04465157999248558
PAT_257_396_494.png,1.6374897058081996
PAT_388_1590_518.png,2.0366863347068622
PAT_108_424_944.png,1.7161795261694384
PAT_792_4351_858.png,-0.5945868393437883
PAT_1128_497_29.png,2.0829803969274243
PAT_59_93_342.png,-0.4725006543602458
PAT_1274_954_677.png,2.4481223517846904
PAT_976_1837_503.png,-0.6542745304901644
PAT_726_1371_397.png,-0.5067595241760888
PAT_714_1337_914.png,-0.4795707472904765
PAT_1046_203_511.png,3.6280066390981625
PAT_1276_957_406.png,3.637352444106515
PAT_2022_4184_111.png,0.21544696353674084
PAT_467_904_535.png,-0.4592773102800178
PAT_397_798_482.png,-0.47065468964158896
PAT_2065_4412_407.png,-0.5336351019277022
PAT_832_1569_413.png,-0.5067595241760888
PAT_1605_2715_845.png,0.14192743491144827
PAT_859_1638_598.png,1.2968905505292576
PAT_1260_894_63.png,-0.5945868393437883
PAT_1223_770_120.png,2.6509063246471825
PAT_1330_1172_722.png,-0.5336351019277022
PAT_920_1747_19.png,-0.4118840156544688
PAT_1735_3241_207.png,1.3205340770923253
PAT_1439_1522_320.png,-0.5067595241760888
PAT_899_1702_32.png,-0.49685350343800444
PAT_251_382_240.png,-0.027276578646514282
PAT_109_868_723.png,2.9104855959444422
PAT_323_687_169.png,-0.4592773102800178
PAT_290_445_988.png,3.1055218224632792
PAT_841_1603_667.png,0.4470517028373192
PAT_1404_1393_369.png,-0.5067595241760888
PAT_183_283_602.png,-0.3628041641975429
PAT_1170_609_378.png,0.3067853075970498
PAT_1296_1038_1.png,-0.533234686693401
PAT_1119_472_513.png,-0.2536596371421772
PAT_667_1264_8.png,-0.5067595241760888
PAT_163_254_719.png,-0.5067595241760888
PAT_456_888_961.png,0.7094977724752495
PAT_951_1836_991.png,-0.42271267009066343
PAT_596_1146_294.png,2.886088160402159
PAT_1813_3562_195.png,-0.4725006543602458
PAT_983_1853_985.png,-0.4372287053489135
PAT_1613_2744_603.png,3.851694207212472
PAT_492_4723_890.png,-0.32902723073499845
PAT_851_4519_488.png,0.11253076411129526
PAT_976_1837_861.png,1.8993704189341083
PAT_716_1345_460.png,-0.5336351019277022
PAT_727_1373_776.png,-0.5067595241760888
PAT_90_138_605.png,0.03350740420926272
PAT_428_845_189.png,-0.32283896701909187
PAT_1082_342_705.png,-0.5945868393437883
PAT_878_1663_7.png,0.10845076864365082
PAT_62_97_868.png,-0.5067595241760888
PAT_1418_1452_948.png,-0.3704359981276619
PAT_485_928_796.png,-0.4725006543602458
PAT_2034_4266_880.png,-0.5067595241760888
PAT_1874_3687_799.png,-0.4592773102800178
PAT_970_1833_270.png,0.05869594213452084
PAT_1402_1376_160.png,-0.4099033188430752
PAT_1401_1373_881.png,-0.4592773102800178
PAT_660_1249_373.png,-0.4118840156544688
PAT_1804_3469_628.png,-0.4710767899555639
PAT_1875_3689_646.png,-0.5945868393437883
PAT_313_669_935.png,-0.0749384050300422
PAT_838_1585_979.png,-0.5422866804275175
PAT_1811_3487_560.png,-0.4798657803796381
PAT_631_1227_585.png,-0.5067595241760888
PAT_55_84_506.png,-0.4725006543602458
PAT_753_1833_710.png,-0.45075152723864303
PAT_385_783_22.png,-0.5447800765346438
PAT_114_173_213.png,0.3065361076393852
PAT_1726_3228_674.png,-0.4691030091616155
PAT_721_1365_819.png,-0.5067595241760888
PAT_1286_999_846.png,-0.5067595241760888
PAT_171_265_757.png,0.8174762010209004
PAT_953_1806_326.png,-0.4725006543602458
PAT_1186_681_457.png,-0.4472226549684605
PAT_544_1028_226.png,0.08232606560112336
PAT_341_715_180.png,-0.01110235041690899
PAT_464_1794_271.png,0.3616519841373273
PAT_277_426_825.png,0.1482552306673326
PAT_564_1079_430.png,-0.4725006543602458
PAT_559_1093_774.png,-0.49143215437410553
PAT_169_694_411.png,0.11097402711615098
PAT_1014_86_861.png,-0.5769623918801855
PAT_1733_3239_934.png,-0.5447800765346438
PAT_1374_1286_494.png,0.4191666946656024
PAT_441_861_415.png,0.04024289176605594
PAT_677_1350_67.png,-0.3444362627588577
PAT_225_345_903.png,1.5342321136836106
PAT_838_1585_282.png,-0.5398170534022388
PAT_944_1795_666.png,-0.05593385485574147
PAT_1074_322_864.png,0.06789631628896854
PAT_20_29_850.png,-0.5067595241760888
PAT_1245_844_471.png,-0.5336351019277022
PAT_2020_4174_799.png,-0.26763494229367285
PAT_571_1096_10.png,-0.5945868393437883
PAT_711_1334_344.png,-0.4592773102800178
PAT_753_1427_496.png,-0.5061069087029513
PAT_1708_3153_799.png,-0.5033677035762244
PAT_915_1738_667.png,-0.5336351019277022
PAT_794_1507_723.png,-0.5067595241760888
PAT_1414_1433_570.png,-0.47848259215306865
PAT_866_1649_674.png,-0.5837040607995106
PAT_1402_1377_959.png,-0.4725006543602458
PAT_316_1457_353.png,-0.5945868393437883
PAT_330_695_90.png,0.06232633110123388
PAT_1503_1728_65.png,-0.4592773102800178
PAT_316_674_318.png,0.5097989210200721
PAT_197_301_198.png,1.2373473241724007
PAT_1633_2855_460.png,1.36778817289108
PAT_523_988_851.png,-0.5067595241760888
PAT_132_198_114.png,-0.4118840156544688
PAT_1603_2704_969.png,-0.4592773102800178
PAT_1969_3980_995.png,-0.6280032156834439
PAT_334_703_907.png,0.7537874560627467
PAT_38_1003_226.png,2.6181343565071393
PAT_576_1089_435.png,-0.12186209246106311
PAT_971_1847_99.png,-0.47848259215306865
PAT_63_98_187.png,-0.5062048338069373
PAT_1498_1716_626.png,-0.30390130277652144
PAT_325_1506_999.png,-0.5041820399075376
PAT_190_291_366.png,-0.5945868393437883
PAT_471_909_344.png,-0.4385946848991713
PAT_886_1684_103.png,-0.4725006543602458
PAT_2020_4176_865.png,-0.4374567522856785
PAT_46_881_939.png,-0.542376168031779
PAT_1529_1798_206.png,-0.46072139300602954
PAT_911_1728_101.png,0.8178443233442092
PAT_919_1744_451.png,-0.3852616158866095
PAT_256_295_583.png,-0.4592773102800178
PAT_1528_1795_12.png,-0.17952719127698116
PAT_1245_845_32.png,-0.5336351019277022
PAT_558_1072_486.png,-0.4118840156544688
PAT_967_1827_247.png,-0.4118840156544688
PAT_645_1223_443.png,-0.4172285958682078
PAT_806_1520_60.png,0.3229355174969702
PAT_687_1304_898.png,0.04730229127185369
PAT_1326_1156_783.png,-0.33448256771421864
PAT_408_811_808.png,3.225215505147503
PAT_330_696_894.png,-0.5810704640939219
PAT_593_1127_823.png,-0.14179889817485294
PAT_645_1223_124.png,-0.3385299132400617
PAT_395_795_43.png,-0.4385946848991713
PAT_192_296_824.png,-0.47548760743822616
PAT_416_824_540.png,-0.6513915451976993
PAT_368_1652_525.png,0.5181928407932711
PAT_886_4635_304.png,-0.4725006543602458
PAT_423_839_717.png,-0.44818044345638147
PAT_1401_1374_593.png,-0.5296370325458274
PAT_995_1867_5.png,-0.4385946848991713
PAT_637_1434_570.png,-0.4592773102800178
PAT_935_1783_687.png,-0.006048037013744359
PAT_819_1541_727.png,-0.3844986873503141
PAT_1626_2811_850.png,-0.5293375930384364
PAT_890_1693_454.png,-0.5336351019277022
PAT_798_1772_469.png,-0.5323992745549874
PAT_801_1518_78.png,-0.5447800765346438
PAT_145_216_924.png,-0.4118840156544688
PAT_1995_4080_695.png,-0.06339488390581564
PAT_370_758_322.png,3.4385792384286495
PAT_708_1333_222.png,-0.4592773102800178
PAT_200_304_139.png,1.3554846752037493
PAT_492_937_126.png,-0.2681029655992165
PAT_1988_4052_897.png,-0.40538789221066857
PAT_1694_3110_213.png,-0.33448256771421864
PAT_1926_3871_371.png,-0.655156963683073
PAT_481_923_186.png,-0.27467699755098635
PAT_756_1495_858.png,-0.4725006543602458
PAT_764_1448_499.png,0.43910705457488236
PAT_230_1008_673.png,-0.4650497806553182
PAT_2144_4738_120.png,-0.4592773102800178
PAT_248_379_695.png,-0.5945868393437883
PAT_1481_1675_371.png,0.6322581961414981
PAT_39_55_233.png,-0.45098891251571277
PAT_1682_3050_600.png,0.3494308364871663
PAT_796_1509_400.png,-0.5805303487248687
PAT_882_1678_192.png,-0.4725006543602458
PAT_333_1469_499.png,-0.4592773102800178
PAT_742_1470_425.png,0.4000695565644856
PAT_101_1041_651.png,-0.4984569021575539
PAT_2046_4323_762.png,2.50926695976383
PAT_271_418_92.png,0.8836519920380262
PAT_349_724_750.png,-0.4725006543602458
PAT_237_363_858.png,-0.5067595241760888
PAT_2081_4488_57.png,-0.21101102327428622
PAT_36_50_14.png,0.16222838462089745
PAT_1494_1707_125.png,-0.33448256771421864
PAT_1171_615_468.png,0.955017272503616
PAT_1767_3340_959.png,0.9097277776924371
PAT_1521_1778_763.png,-0.5067595241760888
PAT_1303_1077_501.png,1.7167491872523548
PAT_300_648_84.png,-0.3462594721881068
PAT_83_126_513.png,-0.5369338374749528
PAT_1754_3306_816.png,-0.4592773102800178
PAT_1042_187_746.png,0.3945610362884829
PAT_1088_373_781.png,-0.29818352357822364
PAT_621_1183_56.png,-0.4592773102800178
PAT_2017_4164_500.png,-0.532200278273268
PAT_380_773_542.png,-0.3847811021791709
PAT_791_1487_906.png,-0.3337207914248502
PAT_16_24_691.png,-0.8751017011892038
PAT_624_1179_323.png,1.4163529410048752
PAT_1411_1415_723.png,-0.33448256771421864
PAT_1652_2915_65.png,-0.33448256771421864
PAT_1334_1178_413.png,-0.4592773102800178
PAT_513_965_496.png,-0.8751017011892038
PAT_242_368_261.png,-0.5321520045235856
PAT_1074_322_174.png,1.038441994096318
PAT_1492_1705_728.png,-0.11075816877423654
PAT_179_277_436.png,-0.4592773102800178
PAT_816_1544_933.png,-0.5214614948161573
PAT_528_992_124.png,0.07835939064274439
PAT_729_1382_390.png,-0.6072725925529169
PAT_417_828_723.png,-0.4385946848991713
PAT_770_1451_136.png,-0.47540051346961115
PAT_1818_3570_577.png,-0.47712535625757974
PAT_1739_3261_325.png,-0.5176415224290405
PAT_45_65_551.png,0.16318189682663548
PAT_85_129_896.png,-0.5336351019277022
PAT_935_1786_482.png,-0.45308632458895237
PAT_1280_972_727.png,-0.5945868393437883
PAT_201_306_781.png,-0.512238129791492
PAT_445_871_524.png,0.23053596617024383
PAT_1431_1495_931.png,-0.5930692723476769
PAT_1783_3415_640.png,-0.3114440821533539
PAT_890_1694_29.png,-0.39409502235613353
PAT_375_763_980.png,-0.5336351019277022
PAT_90_139_57.png,-0.5067595241760888
PAT_1563_2425_443.png,-0.5945868393437883
PAT_903_1720_647.png,0.4186999986177009
PAT_473_911_610.png,-0.5336351019277022
PAT_229_349_256.png,-0.3658699572637216
PAT_337_706_944.png,-0.5336351019277022
PAT_249_380_366.png,1.7214715286139557
PAT_1884_3730_813.png,-0.4118840156544688
PAT_330_698_302.png,0.267135003492618
PAT_1400_1372_276.png,0.9659014545492004
PAT_851_4520_743.png,0.031070727116778978
PAT_202_308_721.png,-0.5372992972414211
PAT_818_1539_859.png,-0.004390186887442498
PAT_58_91_143.png,-0.26081971799958636
PAT_503_949_409.png,-0.4373656237349721
PAT_315_673_227.png,-0.5336351019277022
PAT_822_1551_573.png,0.34201213090288435
PAT_1452_1564_377.png,-0.5067595241760888
PAT_2116_4614_671.png,-0.590976716605521
PAT_952_1807_58.png,-0.5336351019277022
PAT_454_884_28.png,-0.08367448011233776
PAT_46_879_386.png,-0.5323818890856306
PAT_1210_738_915.png,-0.4118840156544688
PAT_162_252_773.png,-0.5067595241760888
PAT_267_1062_418.png,-0.4725006543602458
PAT_324_1465_43.png,-0.5945868393437883
PAT_1122_479_664.png,5.3056985234041605
PAT_1138_520_154.png,2.2888027411225895
PAT_220_338_339.png,-0.868344930940996
PAT_34_47_108.png,0.0645648743862289
PAT_15_23_240.png,-0.04191582363303329
PAT_2097_4557_241.png,0.25323738971003806
PAT_392_792_712.png,2.9478886700411917
PAT_282_433_934.png,1.7678625516771767
PAT_1249_861_810.png,-0.5144256804442491
PAT_355_732_102.png,1.2228532484548325
PAT_734_1390_631.png,-0.4118840156544688
PAT_1746_3284_798.png,-0.1432828812836195
PAT_2093_4542_192.png,-0.5945868393437883
PAT_426_842_458.png,-0.4592773102800178
PAT_1427_1485_15.png,-0.5933726510591706
PAT_1136_517_92.png,-0.35803302440206747
PAT_1814_3564_609.png,-0.47698472025512856
PAT_528_3072_615.png,-0.5862117485784138
PAT_1065_276_231.png,-0.08920573868725269
PAT_838_1586_622.png,0.21239068135707556
PAT_1370_1273_41.png,-0.5067595241760888
PAT_595_1142_142.png,-0.655156963683073
PAT_798_1771_240.png,-0.5336351019277022
PAT_803_1522_907.png,-0.36685334266618097
PAT_514_969_187.png,0.3945062264571358
PAT_856_1626_630.png,-0.44899404802686227
PAT_1184_678_86.png,-0.3791391325506216
PAT_1190_700_663.png,-0.5067595241760888
PAT_1653_2916_994.png,-0.5067595241760888
PAT_532_1007_854.png,-0.4118840156544688
PAT_433_852_20.png,-0.5210826318638832
PAT_2061_4395_587.png,-0.5033113466791149
PAT_302_651_529.png,2.9226266691703344
PAT_633_1199_745.png,-0.1255949953861565
PAT_177_274_371.png,-0.5336351019277022
PAT_1946_3924_24.png,-0.3804581550000466
PAT_98_152_562.png,-0.42422243693976186
PAT_535_1010_303.png,-0.44768206124761356
PAT_31_42_680.png,0.7151479395843379
PAT_258_397_198.png,-0.2941073987254132
PAT_93_142_269.png,-0.5708388333648354
PAT_523_988_900.png,-0.5067595241760888
PAT_110_165_583.png,-0.4118840156544688
PAT_2127_4662_596.png,-0.4592773102800178
PAT_1666_2985_968.png,1.8702648534324948
PAT_369_755_733.png,-0.655156963683073
PAT_1252_866_852.png,-0.4592773102800178
PAT_679_1286_933.png,1.0229211753884375
PAT_252_383_389.png,0.4158858208631312
PAT_1420_1460_951.png,-0.1247128303501324
PAT_1509_1741_810.png,-0.5151923557203217
PAT_382_776_986.png,-0.4968375185991547
PAT_351_728_683.png,-0.5067595241760888
PAT_645_1222_140.png,-0.3487521270159155
PAT_1551_1889_948.png,-0.5825920871548262
PAT_1882_3718_982.png,-0.42305322657140326
PAT_918_1742_629.png,-0.5067595241760888
PAT_874_1672_287.png,-0.4045724647230922
PAT_388_4500_103.png,-0.4219550437941435
PAT_1721_3219_737.png,-0.37780531038002435
PAT_1407_1402_500.png,-0.587751897008447
PAT_1141_526_416.png,0.8767397323809573
PAT_931_1762_69.png,-0.47848259215306865
PAT_1790_3427_723.png,-0.5067595241760888
PAT_413_819_550.png,1.6280361889398234
PAT_1161_578_233.png,-0.26936064947343363
PAT_540_1016_644.png,0.5667832493206818
PAT_1031_148_292.png,0.5788329419713415
PAT_306_658_825.png,1.090144289622639
PAT_1364_1246_447.png,-0.4592773102800178
PAT_1277_964_152.png,-0.5046699343669987
PAT_809_1528_118.png,-0.5067595241760888
PAT_486_929_274.png,-0.33448256771421864
PAT_1844_3618_373.png,-0.5067595241760888
PAT_912_1729_244.png,-0.15685139790461788
PAT_842_1606_720.png,-0.46307479689152714
PAT_1593_2652_422.png,-0.5067595241760888
PAT_388_1592_850.png,0.11470510981476181
PAT_115_175_283.png,0.8531685861085306
PAT_290_445_686.png,3.5171863894966546
PAT_63_1075_331.png,0.6511364857381251
PAT_1301_1063_739.png,-0.4725006543602458
PAT_1074_322_242.png,0.22818926473954676
PAT_478_916_979.png,-0.4592773102800178
PAT_536_3227_442.png,-0.5945868393437883
PAT_1072_318_856.png,-0.5051296606811293
PAT_442_863_795.png,-0.2139264504554168
PAT_1846_3622_35.png,-0.5635985943317805
PAT_2080_4484_997.png,-0.5447800765346438
PAT_1074_322_662.png,0.7733590650261473
PAT_1755_3309_828.png,-0.43715164120641997
PAT_468_4775_268.png,-0.5740976770539037
PAT_491_934_46.png,-0.5067595241760888
PAT_1345_1223_175.png,-0.4592773102800178
PAT_1300_1056_532.png,-0.4118840156544688
PAT_230_351_720.png,-0.562714106965579
PAT_1710_3160_488.png,-0.4118840156544688
PAT_565_1073_749.png,-0.655156963683073
PAT_585_1130_474.png,-0.2840984703386143
PAT_2103_4581_72.png,3.0679179125483538
PAT_313_669_908.png,-0.49495022915588627
PAT_779_1472_741.png,-0.5067595241760888
PAT_1854_3637_323.png,-0.5945868393437883
PAT_369_756_130.png,-0.5336351019277022
PAT_516_966_57.png,0.2100885698565714
PAT_373_761_708.png,-0.29764787391201536
PAT_141_209_438.png,-0.461183691616824
PAT_668_1259_681.png,-0.4971171021863084
PAT_188_289_908.png,-0.5336351019277022
PAT_490_933_352.png,-0.655156963683073
PAT_1881_3711_217.png,-0.47848259215306865
PAT_695_1314_822.png,-0.5328971081490325
PAT_1914_3823_180.png,-0.4592773102800178
PAT_104_1755_320.png,-0.5945868393437883
PAT_904_1737_511.png,-0.5853757659240838
PAT_510_959_174.png,-0.5038891013999489
PAT_54_83_405.png,-0.4118840156544688
PAT_2077_4463_77.png,-0.47848259215306865
PAT_430_848_476.png,-0.5067595241760888
PAT_202_308_692.png,-0.5349327012493288
PAT_10_18_830.png,0.017075333716786135
PAT_499_945_878.png,-0.4725006543602458
PAT_1148_542_708.png,-0.4592773102800178
PAT_168_260_654.png,-0.060128517406488384
PAT_522_3168_747.png,-0.4283778024803336
PAT_466_903_893.png,-0.5067595241760888
PAT_270_1382_561.png,-0.5447800765346438
PAT_1866_3659_398.png,-0.5945868393437883
PAT_699_1320_901.png,-0.29667735522018834
PAT_1418_1447_360.png,-0.4592773102800178
PAT_1020_111_593.png,-0.5336351019277022
PAT_372_760_267.png,-0.2008823350986553
PAT_354_1814_726.png,-0.31563689284548374
PAT_566_178_625.png,0.10029956607491078
PAT_2131_4683_112.png,-0.5945868393437883
PAT_299_1455_759.png,-0.5960222969779018
PAT_1392_1352_828.png,-0.5447800765346438
PAT_1913_3815_367.png,-0.29726550401220614
PAT_349_724_133.png,-0.23065036822510215
PAT_557_1058_309.png,-0.4118840156544688
PAT_1388_3513_146.png,-0.4720986468062384
PAT_975_4734_783.png,-0.2242478160937574
PAT_154_235_30.png,-0.5067595241760888
PAT_1066_281_99.png,0.0128427591443535
PAT_799_1515_723.png,-0.5067595241760888
PAT_1057_242_297.png,-0.5067595241760888
PAT_1197_713_520.png,1.4625073571735552
PAT_420_834_450.png,-0.40272216681448914
PAT_2122_4642_680.png,-0.35888787378318054
PAT_267_1061_324.png,-0.5067595241760888
PAT_612_1163_833.png,-0.47064806946891197
PAT_65_101_847.png,-0.4725006543602458
PAT_697_1317_892.png,-0.4592773102800178
PAT_678_1298_396.png,-0.4212807483663835
PAT_514_969_995.png,-0.4350905194550547
PAT_746_1407_708.png,0.9238752020529046
PAT_738_1552_843.png,-0.34703886547788965
PAT_867_1650_825.png,-0.5336351019277022
PAT_749_1414_770.png,-0.5944302098939397
PAT_1379_4145_486.png,-0.4136342332457758
PAT_354_731_155.png,-0.5267045600767264
PAT_985_1856_91.png,-0.4118840156544688
PAT_325_689_528.png,-0.4592773102800178
PAT_197_301_449.png,1.9420849143309415
PAT_893_1697_613.png,-0.5336351019277022
PAT_759_1538_566.png,-0.3987839746516979
PAT_1021_112_40.png,-0.4118840156544688
PAT_876_1665_569.png,-0.47986751336824324
PAT_1661_2956_357.png,1.76748294289352
PAT_1414_1429_59.png,-0.4725006543602458
PAT_936_1772_886.png,-0.4592773102800178
PAT_759_1433_914.png,-0.4489216901927917
PAT_1594_2656_679.png,-0.5945868393437883
PAT_1526_1792_482.png,-0.3794248972261179
PAT_1371_1276_145.png,-0.5332806892461386
PAT_306_1646_971.png,1.4591660127458015
PAT_69_1053_332.png,-0.46509513858497564
PAT_650_3858_329.png,-0.4592773102800178
PAT_281_432_813.png,-0.5945868393437883
PAT_416_826_123.png,-0.43690937934120344
PAT_1757_3316_304.png,0.907378025245281
PAT_968_1835_721.png,3.2675555405342016
PAT_737_1394_936.png,1.1287363482531452
PAT_1483_1678_850.png,1.5906435481843488
PAT_762_1436_414.png,-0.2814474935263737
PAT_862_1643_386.png,-0.3902221706535911
PAT_715_4072_827.png,-0.4028054398815034
PAT_2024_4225_170.png,1.942232876757817
PAT_204_310_975.png,-0.4118840156544688
PAT_1933_3883_413.png,-0.14012879747753623
PAT_260_400_566.png,-0.5067595241760888
PAT_742_1402_818.png,-0.4683532030055987
PAT_270_1387_430.png,-0.437120573986384
PAT_1008_59_297.png,-0.49897855679690933
PAT_439_859_283.png,-0.4592773102800178
PAT_876_1665_386.png,-0.5336351019277022
PAT_360_742_768.png,1.7122238624445698
PAT_1840_3612_959.png,-0.5046498769900852
PAT_814_1532_545.png,-0.5336351019277022
PAT_624_1180_803.png,0.01635953938978272
PAT_914_1732_136.png,-0.5067595241760888
PAT_1903_3791_14.png,-0.5067595241760888
PAT_50_76_728.png,-0.4592773102800178
PAT_931_1761_380.png,-0.47848259215306865
PAT_1427_1485_119.png,-0.5945868393437883
PAT_691_1311_2.png,-0.5256550341837222
PAT_230_1007_645.png,-0.399708604206809
PAT_26_37_865.png,-0.5336351019277022
PAT_615_1167_722.png,-0.5336351019277022
PAT_849_1613_824.png,0.5194646654629267
PAT_2092_4537_438.png,-0.5336351019277022
PAT_1689_3075_38.png,-0.44475694174166225
PAT_1385_1323_100.png,-0.4269209257220409
PAT_889_1689_986.png,-0.2599124253657049
PAT_21_982_266.png,-0.4725006543602458
PAT_1414_1431_754.png,-0.32385437198186035
PAT_867_1650_901.png,-0.5336351019277022
PAT_613_1164_827.png,-0.43661235953793487
PAT_207_3951_140.png,-0.5137866306977713
PAT_1022_115_132.png,-0.458130813646647
PAT_520_983_932.png,3.7195588770059738
PAT_365_751_709.png,1.3281884015308205
PAT_1928_3876_437.png,-0.5730562050922835
PAT_1712_3175_600.png,-0.4725006543602458
PAT_342_716_316.png,-0.5081985129226694
PAT_202_307_424.png,-0.3204003881918332
PAT_1904_3794_215.png,0.09672210687158565
PAT_632_1206_637.png,-0.47848259215306865
PAT_217_1291_419.png,1.391183447462862
PAT_1497_1712_633.png,-0.592851388995623
PAT_747_1408_965.png,3.1884244758695135
PAT_705_1326_82.png,-0.5310083276195361
PAT_1364_1246_927.png,-0.4592773102800178
PAT_2160_4814_243.png,-0.4521188515958971
PAT_618_1174_596.png,-0.6521477773605886
PAT_346_720_265.png,-0.5336351019277022
PAT_1555_2396_71.png,-0.5067595241760888
PAT_824_1560_801.png,-0.41515826093067315
PAT_246_377_159.png,-0.4725006543602458
PAT_817_1537_943.png,-0.4385946848991713
PAT_1312_1102_578.png,-0.4913336969797812
PAT_1273_952_89.png,-0.5447800765346438
PAT_311_667_416.png,-0.5945868393437883
PAT_619_1175_767.png,-0.39507922939084006
PAT_110_397_52.png,-0.47848259215306865
PAT_547_1033_445.png,-0.4118840156544688
PAT_152_230_707.png,-0.32305353831525935
PAT_1706_3144_891.png,-0.4385946848991713
PAT_1326_1156_139.png,-0.33448256771421864
PAT_2009_4134_828.png,-0.538920516157508
PAT_1545_1865_519.png,-0.5542542807887312
PAT_2106_4590_227.png,-0.5945868393437883
PAT_826_1615_908.png,-0.5048454012292882
PAT_397_797_638.png,-0.5067595241760888
PAT_224_343_782.png,-0.31039983501845597
PAT_1807_3481_801.png,-0.593816133877495
PAT_1486_1684_182.png,-0.06227037286192963
PAT_73_111_435.png,-0.4118840156544688
PAT_108_162_660.png,-0.2598563710150811
PAT_535_1012_145.png,-0.5945868393437883
PAT_211_319_777.png,-0.5280627109310206
PAT_580_1104_684.png,-0.5107890218377709
PAT_573_1090_660.png,-0.5067595241760888
PAT_93_361_467.png,0.3298069017328317
PAT_289_1399_481.png,0.27816858584617143
PAT_419_833_148.png,-0.27979792174250817
PAT_1222_767_519.png,0.36659322458737154
PAT_1026_124_346.png,-0.50496628099793
PAT_151_227_63.png,-0.4118840156544688
PAT_118_180_500.png,-0.4118840156544688
PAT_207_1280_15.png,-0.49821821013059725
PAT_354_1814_153.png,0.7071404025107293
PAT_385_783_574.png,-0.5447800765346438
PAT_1405_1395_96.png,-0.5028133058970973
PAT_358_738_837.png,-0.4289447184183474
PAT_570_1085_344.png,-0.5067595241760888
PAT_492_1782_752.png,-0.45222382853208065
PAT_492_937_958.png,-0.35582977057527004
PAT_1429_1491_451.png,-0.5945868393437883
PAT_233_354_828.png,-0.4725006543602458
PAT_689_1306_772.png,-0.31834830242647727
PAT_215_330_224.png,-0.5067595241760888
PAT_265_1371_303.png,-0.1646114772323874
PAT_600_1141_988.png,-0.5216452648127899
PAT_638_3680_891.png,-0.591846177122392
PAT_202_917_942.png,-0.4448951586150909
PAT_263_1480_753.png,0.1378444464624548
PAT_1414_1429_53.png,1.1182080368526994
PAT_1573_2497_736.png,2.2558135627052
PAT_1480_1673_701.png,-0.41073519843751155
PAT_1725_3222_943.png,-0.5403992199473064
PAT_2010_4136_318.png,-0.5940171232585274
PAT_1125_492_523.png,-0.46878090139246237
PAT_1130_501_181.png,3.4650745099586295
PAT_906_1723_560.png,-0.4581069315627453
PAT_364_749_377.png,-0.1861912164290519
PAT_761_1435_561.png,-0.5067595241760888
PAT_943_1793_256.png,-0.4592773102800178
PAT_830_1564_740.png,-0.3923816726709624
PAT_1715_3184_989.png,-0.4385946848991713
PAT_475_913_874.png,-0.4118840156544688
PAT_698_1150_510.png,-0.5945868393437883
PAT_830_1564_54.png,-0.16572881901318245
PAT_411_815_692.png,-0.12011175890362873
PAT_1310_1097_774.png,-0.5311608003372609
PAT_85_129_980.png,-0.5336351019277022
PAT_50_76_296.png,-0.42255862328807625
PAT_1546_1871_376.png,0.031114348332975078
PAT_754_1429_380.png,-0.5945868393437883
PAT_792_1498_936.png,0.07198452913001385
PAT_76_1039_269.png,-0.655156963683073
PAT_63_99_189.png,-0.541424642800386
PAT_112_171_863.png,-0.4802354876484571
PAT_1035_165_800.png,-0.5067595241760888
PAT_978_1844_599.png,1.2719060268116158
PAT_2011_4140_787.png,2.1983338209430694
PAT_337_706_254.png,-0.5336351019277022
PAT_93_361_231.png,0.3836964904106027
PAT_1036_169_687.png,-0.5945868393437883
PAT_447_873_329.png,-0.4118840156544688
PAT_757_1431_696.png,-0.507207319910308
PAT_147_219_544.png,-0.5067595241760888
PAT_143_213_489.png,-0.36267194575973877
PAT_86_1109_306.png,-0.47848259215306865
PAT_787_1482_328.png,-0.4385946848991713
PAT_641_1211_321.png,-0.4592773102800178
PAT_1892_3760_713.png,-0.5067595241760888
PAT_1786_3420_346.png,-0.1992762794273041
PAT_800_1514_512.png,0.3040532624570017
PAT_97_151_503.png,2.5982726625388404
PAT_198_853_778.png,3.30045398046658
PAT_673_3928_888.png,0.44830314427907925
PAT_1414_1433_806.png,-0.17427215101441934
PAT_75_114_73.png,0.15728978871118154
PAT_265_406_276.png,3.979009879223667
PAT_82_125_365.png,-0.4725006543602458
PAT_704_1323_974.png,-0.1982883160361695
PAT_1940_3901_900.png,-0.9735942130606008
PAT_312_668_480.png,-0.4118840156544688
PAT_1914_3822_863.png,-0.45692267760673966
PAT_136_203_436.png,-0.29801313159635173
PAT_269_415_906.png,2.35645972492532
PAT_1451_1562_545.png,-0.5336351019277022
PAT_778_1471_911.png,-0.44745017010266636
PAT_1068_285_845.png,-0.33448256771421864
PAT_1408_1404_929.png,-0.655156963683073
PAT_1093_379_273.png,0.18052665672792456
PAT_1256_879_199.png,-0.4592773102800178
PAT_940_1774_962.png,0.6804588578541831
PAT_85_129_225.png,0.2685336305500708
PAT_56_88_274.png,-0.09011297246944111
PAT_1620_2779_319.png,-0.5945868393437883
PAT_307_1458_363.png,-0.5945868393437883
PAT_763_1439_668.png,-0.43419979923712854
PAT_782_1492_890.png,-0.5302044224137886
PAT_935_1785_530.png,-0.007613778095242205
PAT_245_376_197.png,0.26086558673129523
PAT_1221_766_430.png,-0.45095763983544346
PAT_48_74_402.png,-0.4725006543602458
PAT_1956_3949_217.png,-0.49383651003562223
PAT_891_1701_36.png,-0.4054722013236617
PAT_267_412_275.png,-0.15537861023782193
PAT_14_22_850.png,-0.5067595241760888
PAT_846_1607_895.png,-0.4725006543602458
PAT_1094_381_355.png,-0.5945868393437883
PAT_274_423_374.png,-0.4118840156544688
PAT_692_1308_364.png,0.038108367184068924
PAT_2056_4364_112.png,-0.47858762875482636
PAT_649_1233_229.png,-0.4725006543602458
PAT_160_248_254.png,0.4169272531617904
PAT_677_1350_358.png,-0.30860629515494625
PAT_46_879_225.png,-0.5300456693813728
PAT_433_2650_417.png,-0.5447800765346438
PAT_1153_555_98.png,-0.4592773102800178
PAT_711_4067_260.png,-0.4776428734873181
PAT_924_1757_784.png,-0.4385946848991713
PAT_788_1503_541.png,-0.09715942017365287
PAT_1670_3007_105.png,-0.5945868393437883
PAT_1946_3924_627.png,-0.47183765861937177
PAT_214_329_300.png,0.010630203739782284
PAT_309_662_76.png,-0.5336351019277022
PAT_425_841_644.png,-0.4235048235510163
PAT_964_1821_83.png,0.2726489674404605
PAT_851_1623_506.png,1.6144650348153513
PAT_650_1241_329.png,0.38649263974522063
PAT_2152_4781_332.png,-0.12327905439870437
PAT_829_1566_135.png,-0.5067595241760888
PAT_198_302_44.png,-0.5261743919066698
PAT_1955_3946_319.png,-0.5067595241760888
PAT_380_773_362.png,0.06353595206271133
PAT_738_1552_502.png,-0.39135474338590975
PAT_363_745_516.png,-0.48980979028129595
PAT_1304_1079_859.png,-0.4144049798789595
PAT_1547_1874_432.png,-0.47017822902156065
PAT_973_1839_34.png,-0.5003206027794096
PAT_270_1384_995.png,-0.5945868393437883
PAT_1680_3038_587.png,-0.5336351019277022
PAT_710_1330_243.png,-0.2939856590226465
PAT_868_1657_698.png,4.7757808453182395
PAT_366_752_782.png,1.2517682366098521
PAT_1267_912_371.png,-0.5404009316411161
PAT_380_774_185.png,-0.4592773102800178
PAT_1787_3421_516.png,0.8276533703480087
PAT_680_1289_585.png,-0.31418758284224546
PAT_601_1147_889.png,0.8624173079605213
PAT_478_1829_281.png,-0.3646478910042833
PAT_1838_3609_254.png,-0.4385946848991713
PAT_235_360_50.png,-0.3345914315757802
PAT_1294_1031_466.png,-0.48656759238555203
PAT_181_833_109.png,-0.27050163689950224
PAT_135_202_105.png,-0.4592773102800178
PAT_304_653_446.png,-0.4399646396733786
PAT_960_1816_662.png,-0.5067595241760888
PAT_100_393_595.png,-0.5067595241760888
PAT_2065_4413_298.png,-0.4592773102800178
PAT_1411_1414_355.png,-0.47848259215306865
PAT_1027_128_854.png,-0.502842170145114
PAT_1998_4095_438.png,-0.4725006543602458
PAT_1699_3126_673.png,-0.4725006543602458
PAT_386_784_470.png,-0.23031205843809174
PAT_1577_3527_831.png,-0.4879771372265239
PAT_2048_4333_63.png,-0.5144582502762056
PAT_604_1150_336.png,-0.5447800765346438
PAT_373_2598_514.png,-0.1642138677972915
PAT_72_110_944.png,-0.4592773102800178
PAT_265_407_421.png,0.04761943829114647
PAT_703_1329_112.png,-0.457105968173433
PAT_356_736_188.png,0.921213822476286
PAT_215_330_341.png,-0.5067595241760888
PAT_741_1400_780.png,-0.14651513217428552
PAT_237_362_52.png,-0.655156963683073
PAT_1755_3310_986.png,-0.4592773102800178
PAT_539_1023_928.png,-0.5067595241760888
PAT_505_3200_856.png,-0.41772186951003015
PAT_1554_2392_767.png,-0.5138711541866258
PAT_1381_1314_517.png,-0.4725006543602458
PAT_1286_1000_276.png,-0.5064640641447945
PAT_823_1558_870.png,-0.4725006543602458
PAT_46_880_140.png,-0.5336351019277022
PAT_747_1410_179.png,3.1648716141550874
PAT_380_1540_432.png,-0.35974443449100263
PAT_2114_4609_615.png,-0.4004757202658994
PAT_1255_876_939.png,-0.4725006543602458
PAT_1460_1598_708.png,-0.5067595241760888
PAT_1184_676_303.png,-0.5943409278652292
PAT_1034_160_819.png,-0.5067595241760888
PAT_93_361_51.png,3.0375347790134897
PAT_852_1629_265.png,4.653088095227546
PAT_1826_3580_871.png,-0.5296008001142833
PAT_336_705_711.png,0.1472125595445296
PAT_611_1158_156.png,-0.4298644177568146
PAT_1951_3934_98.png,-0.4725006543602458
PAT_2098_4559_436.png,-0.3499839102972246
PAT_938_1789_693.png,4.144134971236104
PAT_158_621_68.png,0.2912169226964346
PAT_636_1204_666.png,-0.5336351019277022
PAT_448_875_81.png,-0.4118840156544688
PAT_1109_436_141.png,-0.5281904788398207
PAT_1468_3656_337.png,-0.47848259215306865
PAT_1586_2623_989.png,0.9738997194284748
PAT_824_1561_796.png,-0.3679885832535972
PAT_352_729_947.png,-0.5067595241760888
PAT_359_741_966.png,-0.505971780369582
PAT_123_186_718.png,-0.4725006543602458
PAT_378_769_36.png,1.7361095804161948
PAT_404_805_575.png,-0.5336351019277022
PAT_1241_824_82.png,-0.528782918773357
PAT_577_1107_61.png,-0.4592773102800178
PAT_939_1791_329.png,-0.5018102211675853
PAT_381_775_566.png,4.69074204688628
PAT_423_839_596.png,0.5935639580055645
PAT_2088_4523_400.png,4.22182842651396
PAT_299_1452_1.png,-0.5426597022024237
PAT_1730_3236_7.png,3.1369986844549897
PAT_1441_1531_670.png,-0.5942761454233554
PAT_1777_3370_697.png,-0.4578131371884318
PAT_53_1370_245.png,1.0099870303984635
PAT_263_403_382.png,-0.5336351019277022
PAT_1615_2749_350.png,0.7910238570848935
PAT_106_158_270.png,-0.5133120406779176
PAT_948_1800_310.png,-0.4919330831983118
PAT_295_639_240.png,-0.4308158566702308
PAT_316_674_924.png,1.0037120809035822
PAT_184_284_721.png,-0.4725006543602458
PAT_891_1700_180.png,0.139160293061805
PAT_318_677_278.png,-0.4118840156544688
PAT_414_822_420.png,-0.3472666891585942
PAT_1547_4231_928.png,-0.21622455125804016
PAT_522_3174_761.png,-0.9044390973182065
PAT_91_356_456.png,1.297440808738994
PAT_980_1849_295.png,-0.4204296976128707
PAT_93_361_53.png,1.8409585504642423
PAT_185_285_862.png,-0.4725006543602458
PAT_1403_1392_407.png,-0.3610639295745587
PAT_1180_651_559.png,2.0737609163400252
PAT_1324_1146_143.png,-0.4725006543602458
PAT_1460_1598_959.png,-0.5067595241760888
PAT_48_74_309.png,-0.4725006543602458
PAT_131_197_260.png,-0.3435566234268288
PAT_526_3205_611.png,-0.4592773102800178
PAT_1329_1167_230.png,0.7743329262112867
PAT_1981_4023_673.png,-0.3446468019484219
PAT_2122_4642_204.png,1.2205648126648123
PAT_1572_2495_335.png,1.5633505865599362
PAT_846_4421_153.png,-0.5815098997971435
PAT_864_1645_639.png,0.28748474442893107
PAT_177_274_865.png,-0.5336351019277022
PAT_370_2558_573.png,0.8611535134610077
PAT_377_1580_534.png,-0.5021211119090646
PAT_354_1814_619.png,-0.20208215511549216
PAT_1449_1554_932.png,-0.5945868393437883
PAT_1065_277_768.png,1.8172612667298924
PAT_615_1168_968.png,-0.5067595241760888
PAT_374_762_794.png,-0.4044451591651848
PAT_2153_4782_321.png,-0.19997770706391424
PAT_947_1798_946.png,-0.07778449554182505
PAT_591_1126_21.png,-0.1679949412048718
PAT_1822_3576_145.png,-0.5496483286945677
PAT_872_1709_526.png,-0.5915196525384875
PAT_280_431_466.png,-0.5067595241760888
PAT_265_407_137.png,-0.33569337137494
PAT_387_786_782.png,-0.4592773102800178
PAT_1572_2496_418.png,-0.37675521744171797
PAT_188_289_859.png,-0.5336351019277022
PAT_877_1667_667.png,-0.43948021245998203
PAT_420_834_948.png,1.8507943720996565
PAT_191_294_629.png,0.16905809915034548
PAT_271_418_14.png,0.7959119304833033
PAT_930_1760_560.png,-0.02469757735716516
PAT_2039_4290_273.png,-0.29550940802380143
PAT_1550_1886_849.png,0.7811752781582886
PAT_484_926_624.png,-0.4161834551836078
PAT_1013_82_876.png,-0.4592773102800178
PAT_2049_4348_485.png,-0.4725006543602458
PAT_1479_1669_376.png,-0.42685897953410046
PAT_1837_3608_851.png,-0.4592773102800178
PAT_53_82_657.png,0.4287213473912278
PAT_2079_4480_586.png,2.209813372392064
PAT_823_1556_787.png,-0.3272709414962269
PAT_1754_3308_390.png,-0.4592773102800178
PAT_419_832_706.png,-0.5945868393437883
PAT_330_695_296.png,-0.3956821895504933
PAT_330_1437_506.png,-0.5336351019277022
PAT_894_1679_640.png,-0.43701947834610305
PAT_224_1340_551.png,0.007521955462224097
PAT_2051_4356_460.png,-0.5945868393437883
PAT_1453_1566_310.png,1.297926021943985
PAT_621_3592_955.png,-0.4592773102800178
PAT_510_959_985.png,-0.5067595241760888
PAT_1728_3234_299.png,0.21268351073207636
PAT_145_216_110.png,-0.4118840156544688
PAT_904_1739_546.png,-0.5171210102960335
PAT_115_1138_970.png,2.714137264428614
PAT_914_1740_932.png,-0.38372702843096973
PAT_1410_1410_46.png,-0.4118840156544688
PAT_380_1540_959.png,0.2494839290744411
PAT_210_316_401.png,0.361328212014632
PAT_1790_3427_355.png,-0.22139505055193068
PAT_858_1632_977.png,1.3722541102681278
PAT_1297_1048_353.png,-0.04398959610991373
PAT_108_161_575.png,0.44681282965401437
PAT_590_1121_504.png,-0.349303992540813
PAT_1170_608_367.png,-0.2556507471861525
PAT_2140_4726_85.png,2.008767508119781
PAT_242_369_337.png,2.1511865469933094
PAT_260_1289_396.png,-0.499625191624211
PAT_1707_3148_237.png,-0.38444714478829883
PAT_221_339_566.png,-0.5067595241760888
PAT_192_884_310.png,-0.5896074591770214
PAT_386_1554_362.png,-0.2255105412143045
PAT_1273_953_510.png,-0.4592773102800178
PAT_1658_2933_322.png,-0.5336351019277022
PAT_1648_2904_523.png,-0.33448256771421864
PAT_1554_4170_992.png,-0.20196256507912866
PAT_938_1790_977.png,2.234776093703706
PAT_1305_1082_88.png,0.9365111414932684
PAT_1575_2516_23.png,-0.49680128939352725
PAT_682_1292_986.png,-0.4542881004753997
PAT_1133_510_956.png,2.28788462367368
PAT_2046_4323_394.png,2.100885647491539
PAT_1455_1585_690.png,-0.5945868393437883
PAT_1871_3666_675.png,-0.33448256771421864
PAT_812_1625_430.png,-0.5447800765346438
PAT_673_1276_752.png,-0.5945868393437883
PAT_15_3138_959.png,-0.4592773102800178
PAT_738_1397_195.png,-0.10340223905397394
PAT_876_1666_961.png,-0.4725006543602458
PAT_1801_3461_351.png,-0.5067595241760888
PAT_551_1047_567.png,-0.5067595241760888
PAT_1219_764_111.png,-0.5007636208059713
PAT_1902_3790_168.png,0.36409437147636015
PAT_815_1533_460.png,-0.4725006543602458
PAT_554_1051_301.png,-0.5067595241760888
PAT_2161_4818_501.png,-0.4592773102800178
PAT_207_313_709.png,-0.519960514561817
PAT_721_1365_142.png,-0.5067595241760888
PAT_683_1297_195.png,-0.4592773102800178
PAT_276_425_539.png,-0.4573022203602795
PAT_902_1718_852.png,-0.4385946848991713
PAT_631_1207_982.png,1.110057773132572
PAT_962_1823_942.png,-0.4784742004877504
PAT_338_707_774.png,-0.2788158567637318
PAT_59_93_573.png,-0.4725006543602458
PAT_1721_3219_130.png,-0.5159791708241391
PAT_1461_1600_867.png,-0.501263511274993
PAT_344_718_206.png,-0.4592773102800178
PAT_355_732_625.png,1.3631541305141324
PAT_104_1754_276.png,-0.4725006543602458
PAT_2018_4167_11.png,0.07896225496389031
PAT_747_1408_427.png,-0.3954680992534797
PAT_2036_4280_90.png,-0.6515906058907843
PAT_677_1348_51.png,-0.29409105060970303
PAT_1220_765_464.png,-0.4561723115228211
PAT_1067_284_533.png,-0.5067595241760888
PAT_365_750_854.png,-0.4480782975013093
PAT_517_971_88.png,-0.36610880814523483
PAT_272_420_10.png,1.4976137950566655
PAT_1881_3717_785.png,-0.5067595241760888
PAT_507_954_812.png,-0.5447800765346438
PAT_262_402_14.png,-0.4725006543602458
PAT_879_1676_668.png,-0.4603052761268335
PAT_230_350_872.png,-0.5151630445104772
PAT_330_1437_458.png,-0.5336351019277022
PAT_827_1599_248.png,-0.3671708982691193
PAT_1307_1092_878.png,-0.4834483337880721
PAT_1065_275_136.png,-0.03283409229082697
PAT_1764_3335_366.png,0.1631255163914225
PAT_1278_967_599.png,-0.47642568442399286
PAT_1428_1489_38.png,2.3422927074347424
PAT_874_1671_938.png,0.6046353706556769
PAT_940_1775_513.png,-0.6497429070476368
PAT_1550_1888_216.png,0.1478036436352266
PAT_1107_427_352.png,0.7061754069106506
PAT_950_1804_334.png,-0.5067595241760888
PAT_1881_3713_718.png,-0.04682994160070106
PAT_864_1646_822.png,0.6229526403143365
PAT_1975_3999_453.png,-0.4385946848991713
PAT_701_4056_457.png,1.3529797030484043
PAT_146_217_187.png,1.9116642518889089
PAT_741_1401_619.png,-0.476461813789961
PAT_530_999_696.png,2.4435929536200187
PAT_972_1843_756.png,0.44179154610118726
PAT_1350_1230_925.png,-0.4592773102800178
PAT_277_1309_814.png,-0.4157919114369006
PAT_181_280_417.png,-0.5795477230598484
PAT_402_803_739.png,1.1619603137594454
PAT_272_420_25.png,0.17847721544970419
PAT_242_369_930.png,2.7372596006642103
PAT_412_818_61.png,0.5821514246596934
PAT_1582_2574_989.png,1.8413307551229556
PAT_369_755_391.png,-0.655156963683073
PAT_1066_281_698.png,-0.5889367583866553
PAT_194_298_945.png,3.4322431826909883
PAT_1655_2923_425.png,-0.45278951849531984
PAT_677_1348_657.png,-0.24806319762386253
PAT_131_197_974.png,-0.23068586497224952
PAT_70_107_591.png,-0.4385946848991713
PAT_1833_3599_827.png,0.02581805841999977
PAT_1420_1460_733.png,-0.4725006543602458
PAT_882_1677_789.png,0.24236134301858137
PAT_582_1363_358.png,0.2876459770692223
PAT_1145_534_529.png,0.5421708632663841
PAT_751_1497_215.png,1.9213867320896543
PAT_217_963_806.png,-0.5945868393437883
PAT_822_1550_132.png,0.27010272103447125
PAT_90_219_648.png,-0.4385946848991713
PAT_1563_2426_436.png,-0.5557506504698466
PAT_767_1501_691.png,-0.48840152064661124
PAT_881_1681_462.png,-0.6868936173115776
PAT_482_924_134.png,-0.4592773102800178
PAT_686_1355_168.png,-0.5067595241760888
PAT_320_681_410.png,-0.5067595241760888
PAT_527_1360_225.png,-0.2627887041660507
PAT_800_1513_509.png,2.9394165964321277
PAT_2162_4820_913.png,-0.3663634726374532
PAT_1546_1872_824.png,-0.5336351019277022
PAT_31_43_129.png,-0.38462623991006584
PAT_142_210_904.png,2.559434954137
PAT_1861_3648_959.png,-0.44890625800984324
PAT_1534_1809_366.png,-0.5067595241760888
PAT_2034_4268_141.png,0.013058483531099094
PAT_333_1468_620.png,-0.4592773102800178
PAT_537_1014_961.png,-0.4546315726014944
PAT_561_1068_909.png,1.942971358193474
PAT_1476_1657_788.png,-0.5336351019277022
PAT_1414_1426_124.png,-0.3340499004891044
PAT_943_1793_787.png,-0.4592773102800178
PAT_1735_3242_27.png,2.0847983428933707
PAT_1790_3425_942.png,0.029179582936863468
PAT_270_417_257.png,-0.47848259215306865
PAT_875_1669_946.png,2.8268316797354083
PAT_57_90_910.png,-0.4577112672220728
PAT_202_307_927.png,-0.30596815531703436
PAT_683_1296_237.png,-0.2567319910710021
PAT_1306_1086_124.png,1.4068622497713144
PAT_873_1661_178.png,-0.4725006543602458
PAT_172_266_950.png,0.323529763247795
PAT_691_3994_791.png,0.017017433604562412
PAT_796_1510_361.png,-0.5084401330697564
PAT_1570_2472_418.png,4.196359515479094
PAT_183_283_495.png,1.3189096777547218
PAT_1284_995_150.png,-0.5477307608655875
PAT_1980_4018_929.png,-0.00023313643509288568
PAT_837_1582_714.png,-0.5336351019277022
PAT_1313_1105_284.png,-0.47561369690589667
PAT_786_1480_914.png,-0.13802261529834423
PAT_892_1691_881.png,-0.4592773102800178
PAT_2105_4587_204.png,1.110787694693506
PAT_388_1590_169.png,0.7546177180405382
PAT_735_1391_261.png,-0.5339188753158945
PAT_785_1479_108.png,0.5719931983163316
PAT_895_1699_872.png,-0.4725006543602458
PAT_715_1338_761.png,0.32433377199463204
PAT_1581_2570_738.png,-0.5336351019277022
PAT_1371_1278_533.png,-0.45593286600605853
PAT_207_313_1.png,-0.03233409355352987
PAT_549_1043_676.png,-0.5447800765346438
PAT_379_4405_969.png,-0.5557230683699295
PAT_1708_3155_581.png,-0.5522704626790166
PAT_368_2427_803.png,-0.5945868393437883
PAT_1639_2879_744.png,-0.5067595241760888
PAT_1729_3235_712.png,1.2593160156261105
PAT_1774_3352_474.png,-0.5067595241760888
PAT_1475_1651_727.png,-0.47848259215306865
PAT_1404_1393_540.png,-0.5067595241760888
PAT_233_354_935.png,-0.4725006543602458
PAT_626_1186_898.png,-0.5067595241760888
PAT_377_1580_429.png,2.0748074172507773
PAT_338_710_319.png,1.147752414450532
PAT_1588_2629_296.png,2.903745367180234
PAT_805_1517_154.png,-0.47848259215306865
PAT_1498_1715_345.png,-0.40351971332345316
PAT_236_1071_810.png,4.457039650769853
PAT_1547_1875_436.png,-0.47848259215306865
PAT_1367_1264_801.png,-0.5943156268256554
PAT_72_110_647.png,-0.33714438637568966
PAT_245_376_24.png,-0.13421632904661118
PAT_781_1474_517.png,-0.5067595241760888
PAT_2143_4736_227.png,3.1226440902591444
PAT_458_891_709.png,-0.5067595241760888
PAT_223_341_187.png,-0.2852600347100719
PAT_563_1070_63.png,-0.5027884585608045
PAT_251_382_164.png,-0.5067595241760888
PAT_1842_3615_850.png,-0.5945868393437883
PAT_1922_3848_451.png,-0.4592773102800178
PAT_753_1834_712.png,0.6978738637268652
PAT_53_82_940.png,0.9408602721596225
PAT_471_909_394.png,-0.4385946848991713
PAT_537_1014_452.png,-0.2931727673954935
PAT_56_86_479.png,-0.24272725475177187
PAT_268_413_643.png,-0.5945868393437883
PAT_596_1146_316.png,-0.47004699511963616
PAT_579_1100_988.png,-0.29650721017082293
PAT_993_1865_559.png,-0.4118840156544688
PAT_2088_4525_507.png,-0.4592773102800178
PAT_297_4307_924.png,-0.5336351019277022
PAT_711_1334_480.png,1.9559048663148526
PAT_291_446_704.png,1.5124749649381042
PAT_966_1826_587.png,-0.5930980231829255
PAT_1288_1003_553.png,-0.5447800765346438
PAT_240_366_768.png,-0.4592773102800178
PAT_662_1251_43.png,0.3464277161475468
PAT_571_1097_652.png,-0.5067595241760888
PAT_330_697_575.png,-0.5296941611598387
PAT_53_1144_892.png,0.41231190108949467
PAT_514_967_300.png,1.4411130134006265
PAT_983_1854_274.png,-0.0787083242986405
PAT_1484_1682_240.png,-0.16635430605629214
PAT_567_1076_545.png,2.0083542689369507
PAT_477_915_389.png,4.306815620310239
PAT_1399_1367_121.png,-0.5067595241760888
PAT_356_735_568.png,-0.2407765723371857
PAT_1392_1353_161.png,-0.5184153369691693
PAT_1364_1246_420.png,-0.4592773102800178
PAT_1565_2432_808.png,-0.47848259215306865
PAT_682_1292_978.png,-0.4592773102800178
PAT_998_17_641.png,-0.07654032377435775
PAT_1331_1173_380.png,-0.4592773102800178
PAT_277_427_658.png,-0.5067595241760888
PAT_1071_312_841.png,-0.5067595241760888
PAT_135_202_695.png,-0.4592773102800178
PAT_771_1488_922.png,-0.4725006543602458
PAT_1105_420_520.png,-0.4118840156544688
PAT_1696_3115_917.png,0.15544419768338538
PAT_1257_887_828.png,-0.45770807660477913
PAT_1217_762_198.png,4.3517255779729505
PAT_422_837_617.png,-0.3728196379776499
PAT_386_785_536.png,1.100665458344264
PAT_1708_3157_518.png,-0.4296634085360535
PAT_441_861_542.png,-0.36979997088750605
PAT_220_1343_489.png,0.12407202330976706
PAT_417_3537_45.png,-0.4385946848991713
PAT_539_1023_878.png,-0.5067595241760888
PAT_1288_1003_969.png,-0.5447800765346438
PAT_600_1141_542.png,0.5063151135620089
PAT_422_837_683.png,-0.5434027496832278
PAT_831_1570_637.png,-0.3329127306020036
PAT_2107_4595_381.png,-0.582606968442198
PAT_460_894_401.png,-0.6119396067482326
PAT_1582_2574_905.png,3.40364542053277
PAT_567_1077_64.png,3.664783549192303
PAT_1063_270_593.png,-0.4725006543602458
PAT_74_112_729.png,0.4444484063051788
PAT_1741_3273_34.png,0.006289872949481403
PAT_1709_3159_144.png,-0.5336351019277022
PAT_1090_376_384.png,-0.24968923847470775
PAT_1955_3947_778.png,0.8744855204707983
PAT_666_1268_870.png,-0.5945868393437883
PAT_2119_4625_733.png,-0.43539672499746307
PAT_1264_907_674.png,-0.4592773102800178
PAT_835_1578_592.png,-0.4592773102800178
PAT_822_1551_642.png,-0.17490697232939878
PAT_1701_3135_5.png,-0.4692389434250106
PAT_1307_1088_252.png,-0.33448256771421864
PAT_985_1856_397.png,-0.4118840156544688
PAT_1006_53_716.png,-0.5709846393802667
PAT_579_1099_551.png,1.9943363836948511
PAT_473_911_630.png,-0.10874195899273648
PAT_747_1408_742.png,4.330307864767516
PAT_793_1512_382.png,-0.4592773102800178
PAT_1534_1810_719.png,-0.45387555313323036
PAT_160_249_76.png,1.268013346244179
PAT_666_1271_645.png,-0.4592773102800178
PAT_49_75_326.png,-0.5396208032254335
PAT_1913_3816_335.png,2.498640380559629
PAT_243_372_119.png,-0.5336351019277022
PAT_406_808_560.png,0.6478599977758368
PAT_1571_2484_488.png,-0.5067595241760888
PAT_498_944_488.png,-0.020314131336415443
PAT_1983_4032_502.png,-0.4662237344753792
PAT_1731_3237_919.png,-0.5336351019277022
PAT_766_1670_458.png,-0.4725006543602458
PAT_1584_2610_223.png,-0.44401273852702977
PAT_87_133_159.png,-0.5336351019277022
PAT_1249_862_658.png,-0.45254921035291223
PAT_279_430_356.png,0.562076087102152
PAT_1364_1246_238.png,-0.4592773102800178
PAT_456_887_499.png,-0.4592773102800178
PAT_333_702_840.png,-0.5336351019277022
PAT_605_1152_536.png,-0.2053498079161966
PAT_112_168_360.png,1.8780523009600154
PAT_244_374_726.png,-0.5336351019277022
PAT_2050_4350_36.png,-0.5945868393437883
PAT_1364_1246_583.png,-0.4592773102800178
PAT_273_421_905.png,3.027344141783581
PAT_337_706_598.png,-0.5336351019277022
PAT_776_1466_241.png,-0.5447800765346438
PAT_974_1842_574.png,-0.47765162962107366
PAT_698_1150_881.png,0.2444774484595507
PAT_479_917_598.png,1.9583658447127632
PAT_1850_3631_519.png,-0.08726214271623296
PAT_1439_1522_211.png,-0.5063905155426063
PAT_962_1823_857.png,-0.5034475016146938
PAT_1071_314_500.png,-0.4975679376928272
PAT_822_1550_826.png,1.2616783654300046
PAT_108_162_526.png,-0.5067595241760888
PAT_2124_4650_575.png,-0.5067595241760888
PAT_397_797_742.png,-0.34013406539246266
PAT_288_441_312.png,-0.5067595241760888
PAT_380_1540_525.png,0.04598210690712616
PAT_1636_2869_595.png,1.5474682392228174
PAT_858_1631_427.png,-0.43096745255614005
PAT_691_1310_780.png,-0.43197560951647584
PAT_1365_1253_912.png,-0.4725006543602458
PAT_286_1459_666.png,-0.4592773102800178
PAT_1491_1703_637.png,-0.4820655238991234
PAT_465_901_627.png,-0.6868936173115776
PAT_664_1263_781.png,-0.38232545916748467
PAT_451_878_634.png,-0.5067595241760888
PAT_1712_3173_684.png,-0.5925212195967653
PAT_1651_2914_833.png,0.15708296807470606
PAT_796_1510_130.png,-0.5931223531011905
PAT_1769_3342_63.png,-0.5945868393437883
PAT_154_237_625.png,0.7748448434887519
PAT_494_939_518.png,0.07138876615327826
PAT_1393_1355_270.png,0.6504063754698919
PAT_834_1574_397.png,0.49166908227959366
PAT_793_1512_513.png,0.13807234858465958
PAT_621_3591_171.png,0.18804602870527665
PAT_989_1861_156.png,-0.6883259578793183
PAT_1554_2393_541.png,-0.5067595241760888
PAT_490_933_17.png,0.4178398053259315
PAT_747_1409_116.png,2.525872365905019
PAT_1335_1181_21.png,-0.4592773102800178
PAT_58_91_845.png,-0.10142954223405999
PAT_122_185_957.png,0.5411694233649083
PAT_857_1628_916.png,1.6873314892557143
PAT_2076_4459_450.png,-0.5067595241760888
PAT_1893_3761_666.png,-0.37706939987156063
PAT_191_293_391.png,0.5717146561746187
PAT_409_2614_24.png,-0.47848259215306865
PAT_219_336_376.png,0.36468352437042156
PAT_801_1518_574.png,-0.5270308202579104
PAT_439_859_84.png,-0.4592773102800178
PAT_2026_4230_141.png,-0.4199709865109672
PAT_1198_715_648.png,0.29969861104006856
PAT_1278_965_701.png,-0.5929855426609614
PAT_354_1817_500.png,-0.34779356620292906
PAT_1705_3143_139.png,0.23250824498957495
PAT_693_1313_304.png,2.090199445405596
PAT_1443_1536_166.png,2.188026038448917
PAT_492_1784_50.png,-0.46663910984404966
PAT_1275_955_131.png,3.19983015938359
PAT_545_1029_650.png,-0.5204541352261721
PAT_1407_1402_562.png,-0.588330257508913
PAT_1989_4061_934.png,-0.47848259215306865
PAT_872_1708_841.png,-0.2460330323033263
PAT_323_686_356.png,-0.4690112828986945
PAT_326_690_823.png,-0.5067595241760888
PAT_1402_1376_507.png,0.061178166617511756
PAT_1575_2516_618.png,-0.47326077985955145
PAT_55_85_884.png,-0.23365439157138004
PAT_1326_1156_163.png,-0.33448256771421864
PAT_228_348_2.png,1.0085606031929315
PAT_809_1527_902.png,-0.5429422066557026
PAT_286_1458_381.png,-0.24131947188217787
PAT_214_329_70.png,2.8487766070858416
PAT_988_1858_453.png,-0.5067595241760888
PAT_81_123_52.png,-0.4690050903279833
PAT_1316_1114_517.png,-0.050083989219832634
PAT_927_1759_749.png,-0.5336351019277022
PAT_1127_496_945.png,3.780713002487125
PAT_1418_1447_334.png,-0.4592773102800178
PAT_514_967_908.png,0.6926166707239324
PAT_562_1110_360.png,3.1113495758652117
PAT_138_205_296.png,-0.49243830202799144
PAT_279_1393_118.png,0.5316418551190629
PAT_495_941_26.png,-0.3984103623624264
PAT_2025_4229_541.png,2.7122998952023054
PAT_712_1335_359.png,1.7626309947452783
PAT_115_175_206.png,1.3147296141421914
PAT_2021_4180_381.png,-0.48149466081086517
PAT_905_1721_327.png,0.20220248393857873
PAT_307_1685_651.png,-0.049867597743661646
PAT_730_1385_585.png,-0.40045194238680437
PAT_876_1664_579.png,-0.655156963683073
PAT_1582_2574_890.png,3.3064595393346337
PAT_38_1003_68.png,-0.3916409186068495
PAT_461_895_72.png,-0.4118840156544688
PAT_1407_1402_347.png,-0.5945868393437883
PAT_1174_628_915.png,-0.5945868393437883
PAT_115_1138_870.png,-0.2503952756737502
PAT_394_1562_579.png,-0.06736427557168606
PAT_154_236_800.png,-0.4967538443759268
PAT_689_1307_354.png,-0.13033455229687446
PAT_1906_3798_588.png,-0.4725006543602458
PAT_823_1558_67.png,3.144876828537027
PAT_736_1392_562.png,-0.4725006543602458
PAT_63_1075_498.png,-0.5336351019277022
PAT_308_661_184.png,-0.6292652880334121
PAT_928_1764_426.png,-0.3881587969809762
PAT_1415_1437_527.png,-0.5336351019277022
PAT_46_880_308.png,-0.26329877230870447
PAT_802_1516_510.png,-0.44118953573434605
PAT_1286_1000_517.png,-0.5067595241760888
PAT_460_893_307.png,-0.3931459624606239
PAT_645_1500_364.png,-0.2592405257852923
PAT_627_1188_755.png,-0.4385946848991713
PAT_1764_3335_803.png,0.46877688532678596
PAT_837_1584_745.png,-0.5336351019277022
PAT_289_442_43.png,-0.34681598604567293
PAT_493_3016_512.png,-0.4703687541087395
PAT_701_1321_156.png,1.3529797030484043
PAT_460_894_429.png,-0.7677141588988717
PAT_924_1757_704.png,-0.4385946848991713
PAT_806_1520_708.png,-0.38543507962497814
PAT_378_770_302.png,1.584126292483277
PAT_1801_3459_857.png,-0.34632630720066243
PAT_1582_2574_34.png,1.610068176587623
PAT_839_1591_204.png,-0.32694002271348127
PAT_44_63_151.png,0.6348019562996982
PAT_1765_3337_365.png,-0.44501748243153694
PAT_178_276_465.png,-0.5336351019277022
PAT_340_714_68.png,-0.4592773102800178
PAT_500_947_77.png,-0.18883437597584649
PAT_1308_1095_117.png,-0.33448256771421864
PAT_795_1508_925.png,-0.3905290819062209
PAT_917_1735_936.png,-0.4540749153964179
PAT_853_1642_497.png,-0.5067595241760888
PAT_774_1462_821.png,-0.5072406828374698
PAT_908_1726_939.png,-0.5336351019277022
PAT_806_1519_527.png,1.6385187227013454
PAT_514_968_269.png,0.3328679421997698
PAT_531_3079_652.png,-0.4154368019666704
PAT_71_108_617.png,-0.32410206482338777
PAT_672_1272_705.png,2.4116361686730667
PAT_752_1426_714.png,-0.5069531959419391
PAT_599_1140_399.png,-0.12145854575595492
PAT_1448_1551_366.png,0.37833694089307895
PAT_1063_268_704.png,-0.4725006543602458
PAT_1102_408_613.png,-0.5067595241760888
PAT_269_415_103.png,1.75684539232439
PAT_155_238_413.png,0.5849852442161407
PAT_627_1188_503.png,-0.4385946848991713
PAT_1821_3575_920.png,-0.4300510923892887
PAT_585_1130_552.png,-0.33013076738418284
PAT_296_640_206.png,1.0881452597521701
PAT_684_1302_588.png,-0.5095062898235809
PAT_609_1159_942.png,1.693983444239618
PAT_1566_2435_150.png,1.6085647141350754
PAT_177_775_786.png,-0.5067595241760888
PAT_1587_2625_226.png,-0.4592773102800178
PAT_660_1249_469.png,-0.2913035699981849
PAT_430_848_550.png,-0.5067595241760888
PAT_1960_3957_864.png,-0.03843357896083399
PAT_263_404_410.png,-0.5329011503012134
PAT_1729_3235_909.png,-0.4332708298260434
PAT_1406_1397_669.png,-0.589594859882367
PAT_1428_1489_454.png,-0.5945868393437883
PAT_722_1377_120.png,-0.5067595241760888
PAT_70_107_155.png,-0.4385946848991713
PAT_684_1302_934.png,-0.5624256417602117
PAT_1242_826_903.png,-0.4385946848991713
PAT_311_666_191.png,-0.5336351019277022
PAT_875_1668_588.png,-0.5215961987441591
PAT_999_20_223.png,-0.24413232108877309
PAT_122_869_60.png,-0.5336351019277022
PAT_281_1517_293.png,-0.4592773102800178
PAT_176_273_423.png,-0.5945868393437883
PAT_153_233_45.png,-0.4319889602251657
PAT_1202_722_827.png,0.41010643135555763
PAT_275_424_966.png,-0.4680279976708192
PAT_412_817_232.png,4.890119027351915
PAT_2088_4524_465.png,-0.19647907640239912
PAT_2151_4779_515.png,-0.5067595241760888
PAT_744_1405_742.png,1.0523409256019651
PAT_1006_53_385.png,-0.5280043418654815
PAT_698_1319_166.png,-0.3660638303409243
PAT_2066_4417_201.png,-0.5027967732600759
PAT_793_1512_327.png,-0.45868156916870534
PAT_128_194_144.png,-0.5336351019277022
PAT_1070_308_751.png,-0.5045365758077243
PAT_1452_1564_509.png,-0.5067595241760888
PAT_208_314_741.png,-0.5067595241760888
PAT_2008_4126_489.png,0.05249374360880968
PAT_541_3303_228.png,-0.4657884469135559
PAT_1298_1051_831.png,1.1271649472248342
PAT_978_1844_715.png,-0.47848259215306865
PAT_362_744_283.png,-0.36289376778042637
PAT_896_1705_582.png,0.42062572452389807
PAT_156_241_538.png,-0.5336351019277022
PAT_1549_1882_230.png,2.8019674343537084
PAT_403_804_994.png,3.3506581936843878
PAT_168_262_292.png,-0.24027581815156313
PAT_503_950_552.png,1.0555541565661652
PAT_798_1770_256.png,-0.5336351019277022
PAT_1324_1145_309.png,-0.21752636882265636
PAT_2115_4613_260.png,-0.47848259215306865
PAT_655_1245_807.png,0.7577349375651319
PAT_1064_272_668.png,0.8903809275623186
PAT_1967_3976_736.png,-0.5577722584075198
PAT_1715_3186_948.png,-0.5029999704801964
PAT_357_737_77.png,-0.5067595241760888
PAT_387_1614_866.png,-0.49115372400457225
PAT_771_1490_334.png,-0.502085370292714
PAT_467_904_776.png,0.9370110570795994
PAT_2013_4148_303.png,-0.33448256771421864
PAT_262_402_265.png,-0.4725006543602458
PAT_1535_1812_660.png,-0.578343279117756
PAT_79_120_532.png,-0.5067595241760888
PAT_931_1763_617.png,-0.3042154365440468
PAT_1064_273_980.png,-0.5221108575136577
PAT_181_832_158.png,-0.5067595241760888
PAT_944_1795_371.png,-0.5067595241760888
PAT_949_1802_582.png,-0.12826785367358687
PAT_628_1191_564.png,-0.5067595241760888
PAT_314_672_909.png,-0.5336351019277022
PAT_1753_3305_385.png,-0.4592773102800178
PAT_727_1373_718.png,-0.44243575471246427
PAT_715_4073_115.png,-0.26822437976601066
PAT_897_1704_988.png,-0.6868936173115776
PAT_237_362_909.png,-0.4890636334710335
PAT_1094_381_446.png,-0.5917327623934002
PAT_1693_3103_879.png,-0.5336351019277022
PAT_1978_4004_82.png,1.1437495823708794
PAT_325_1506_440.png,-0.5067595241760888
PAT_2041_4298_408.png,-0.5839166980242646
PAT_1600_2685_164.png,-0.5533194770282145
PAT_381_775_253.png,-0.24026281408979114
PAT_1568_2454_468.png,-0.5447800765346438
PAT_233_986_663.png,-0.5945868393437883
PAT_471_909_353.png,-0.4385946848991713
PAT_497_943_580.png,0.7836726646861292
PAT_1317_1130_656.png,0.5477098633573736
PAT_963_1819_298.png,-0.4592773102800178
PAT_1698_3122_83.png,-0.5530566893849795
PAT_185_285_97.png,-0.45553840695345316
PAT_1914_3821_427.png,-0.5336351019277022
PAT_75_113_165.png,-0.46343769512210115
PAT_1614_2747_533.png,-0.4725006543602458
PAT_990_1860_636.png,1.1401562499638835
PAT_1415_1437_743.png,-0.5336351019277022
PAT_651_1232_950.png,-0.5945868393437883
PAT_1070_304_845.png,-0.5825740435812722
PAT_432_851_386.png,-0.4118840156544688
PAT_955_1810_892.png,3.5394019312204157
PAT_83_126_820.png,-0.5179985028292768
PAT_88_133_64.png,-0.5067595241760888
PAT_379_1531_17.png,-0.5336351019277022
PAT_155_240_211.png,0.7505420582170571
PAT_630_1196_710.png,-0.4725006543602458
PAT_309_663_812.png,-0.1903269856426683
PAT_43_61_210.png,-0.3799820715547872
PAT_91_140_664.png,-0.5177224246856809
PAT_1585_2619_396.png,1.4825269812786992
PAT_1942_3918_497.png,-0.32422965325399056
PAT_1707_3148_835.png,0.048712406659651625
PAT_884_1683_538.png,-0.4592773102800178
PAT_880_1675_704.png,0.7780490024022557
PAT_1624_2807_679.png,-0.5945868393437883
PAT_68_105_871.png,-0.19952693934334276
PAT_1800_3460_206.png,-0.6119717672123779
PAT_396_796_394.png,-0.29499148202116293
PAT_126_190_376.png,-0.5336351019277022
PAT_587_3431_6.png,1.2129943767752136
PAT_1597_2666_130.png,-0.33448256771421864
PAT_1719_3203_18.png,-0.4118840156544688
PAT_40_1026_312.png,2.3619518690159524
PAT_728_1381_63.png,-0.5067595241760888
PAT_545_1030_854.png,-0.33448256771421864
PAT_1450_1556_114.png,1.3223010861870996
PAT_41_57_2.png,-0.2304685108512385
PAT_167_684_365.png,-0.4270076975754676
PAT_1063_271_448.png,-0.5945868393437883
PAT_1151_551_241.png,-0.5945868393437883
PAT_1942_3915_388.png,-0.3201089297205531
PAT_135_202_593.png,-0.30335937244921046
PAT_107_160_609.png,-0.5336351019277022
PAT_192_295_164.png,-0.27828080313422754
PAT_780_1473_791.png,-0.47848259215306865
PAT_227_347_19.png,0.6666568006268377
PAT_797_1511_805.png,-0.3945656328642856
PAT_1495_1708_278.png,1.3680906500884469
PAT_1514_1760_35.png,-0.5067595241760888
PAT_597_1139_181.png,0.1658780923567009
PAT_264_405_118.png,0.20845910991612734
PAT_674_1277_9.png,-0.5067595241760888
PAT_1784_3416_507.png,-0.49772073443681
PAT_544_3299_671.png,-0.49778292551532305
PAT_1246_846_899.png,0.22160210485613865
PAT_872_1707_638.png,0.17705628574439497
PAT_2085_4506_726.png,-0.5067595241760888
PAT_392_792_22.png,3.876542612207145
PAT_1432_1497_328.png,1.6146674087474626
PAT_457_890_255.png,-0.3716964324431968
PAT_264_1368_868.png,-0.3520530585323366
PAT_1619_2774_616.png,-0.4725006543602458
PAT_253_384_607.png,-0.4997091503154032
PAT_2016_4160_868.png,0.9755313198078144
PAT_2016_4155_600.png,-0.15772040714247723
PAT_875_1670_121.png,-0.4592773102800178
PAT_1364_1246_143.png,-0.4592773102800178
PAT_492_937_43.png,0.5743646256106791
PAT_206_312_760.png,-0.5336351019277022
PAT_2042_4301_636.png,-0.5336351019277022
PAT_1343_1217_404.png,0.25755878499833207
PAT_1179_641_735.png,-0.5336351019277022
PAT_2142_4733_13.png,1.9517352524364917
PAT_109_868_113.png,-0.5014364262513059
PAT_1304_1081_84.png,-0.42093329155290404
PAT_1145_534_524.png,-0.21426611472172646
PAT_568_1066_235.png,-0.3140437180026487
PAT_926_1758_714.png,2.9835271776945964
PAT_745_1406_409.png,0.04226702097599864
PAT_650_1230_636.png,-0.4592773102800178
PAT_749_1415_164.png,-0.4725006543602458
PAT_1516_1765_530.png,-0.4725006543602458
PAT_479_917_41.png,2.1254017771755382
PAT_464_900_548.png,3.061530229415818
PAT_887_1688_436.png,-0.4592773102800178
PAT_1944_3921_281.png,-0.5067595241760888
PAT_1942_3917_379.png,2.321267772316336
PAT_1320_1135_471.png,-0.5945868393437883
PAT_1397_1361_183.png,1.1532081029388361
PAT_1545_1867_547.png,-0.5067595241760888
PAT_1033_153_301.png,-0.5067595241760888
PAT_134_201_587.png,-0.05398578605502089
PAT_35_48_43.png,-0.5067595241760888
PAT_2102_4575_616.png,-0.13935609436961616
PAT_205_311_255.png,0.7782734270926708
PAT_2011_4140_988.png,0.43170274066478886
PAT_170_264_785.png,-0.5067595241760888
PAT_679_1286_677.png,0.8526553426410773
PAT_1704_3142_702.png,-0.47848259215306865
PAT_338_710_93.png,-0.4385946848991713
PAT_364_748_278.png,-0.2589117959151161
PAT_126_192_208.png,-0.38540601737574876
PAT_63_98_127.png,-0.5067595241760888
PAT_1063_268_919.png,-0.4688893127482843
PAT_159_246_630.png,-0.0683207807445712
PAT_302_1633_845.png,-0.5067595241760888
PAT_211_317_649.png,-0.4118840156544688
PAT_317_675_144.png,-0.4118840156544688
PAT_809_1527_202.png,-0.5447800765346438
PAT_1453_1567_250.png,-0.39184092075849286
PAT_159_244_102.png,-0.5067595241760888
PAT_1029_135_983.png,-0.4118840156544688
PAT_432_851_560.png,-0.4118840156544688
PAT_167_258_479.png,2.049821387533179
PAT_56_86_802.png,-0.4725006543602458
PAT_1591_2648_723.png,-0.4592773102800178
PAT_342_716_845.png,-0.5336351019277022
PAT_21_31_965.png,5.084576712241631
PAT_739_1398_331.png,-0.346621121804275
PAT_303_652_342.png,-0.5945868393437883
PAT_386_1554_280.png,0.35972845766396605
PAT_1554_2393_96.png,-0.5067595241760888
PAT_1783_3413_850.png,-0.4592773102800178
PAT_759_1433_973.png,-0.4592773102800178
PAT_718_1358_919.png,-0.5067595241760888
PAT_1208_736_599.png,0.2636369918526299
PAT_1369_1269_370.png,-0.5937071090158651
PAT_961_1818_992.png,0.11672489486177394
PAT_842_1606_971.png,-0.5325664444128589
PAT_377_768_643.png,-0.5311851802632391
PAT_356_4511_960.png,3.6510419757200823
PAT_645_1300_463.png,-0.5067595241760888
PAT_2006_4123_719.png,-0.4546281817060902
PAT_1536_1819_562.png,3.604484938811863
PAT_722_1376_280.png,-0.5330121661925433
PAT_948_1801_993.png,-0.2663111160448948
PAT_778_1471_835.png,-0.26416223145551404
PAT_270_416_398.png,-0.10620795659391624
PAT_2024_4221_632.png,-0.4525057392043277
PAT_747_1409_466.png,3.3846694789543155
PAT_78_118_164.png,-0.4592773102800178
PAT_782_1494_418.png,-0.5236809290704793
PAT_457_889_346.png,-0.4566796700216095
PAT_1176_631_36.png,-0.5945868393437883
PAT_1636_2869_739.png,-0.45758222237332724
PAT_771_1489_345.png,-0.2267364568011918
PAT_419_2768_910.png,2.051831477823542
PAT_115_177_575.png,-0.015681503170668715
PAT_123_187_164.png,-0.4118840156544688
PAT_1306_1086_762.png,0.08866342300705668
PAT_528_993_589.png,-0.46295016772715214
PAT_383_777_129.png,-0.4546508729048696
PAT_166_257_586.png,-0.09532088875809112
PAT_1344_1222_456.png,-0.5067595241760888
PAT_101_1041_898.png,-0.5437299359585629
PAT_1688_3066_491.png,-0.5067595241760888
PAT_388_1590_328.png,0.7432058703238295
PAT_1246_846_111.png,2.363656909198018
PAT_1466_1618_147.png,-0.4725006543602458
PAT_1000_31_620.png,-0.655156963683073
PAT_261_401_911.png,-0.5067595241760888
PAT_128_194_28.png,2.0717666996167505
PAT_1374_1284_208.png,-0.4072013468791892
PAT_328_692_681.png,0.929382404827042
PAT_990_1860_478.png,1.319089161203193
PAT_372_760_355.png,-0.26206655322158295
PAT_256_394_449.png,-0.5067595241760888
PAT_2125_4653_497.png,-0.5945868393437883
PAT_38_1002_668.png,2.617777533229061
PAT_13_21_350.png,-0.4108905043017705
PAT_1536_1819_91.png,3.5685777188207366
PAT_904_1736_851.png,-0.3662460682832379
PAT_654_1244_16.png,-0.5067595241760888
PAT_742_1470_834.png,-0.2617543476072777
PAT_179_278_331.png,-0.5030443722960536
PAT_1014_85_22.png,-0.5945868393437883
PAT_321_682_236.png,-0.22257651593592717
PAT_180_279_746.png,2.428800004668629
PAT_1180_650_843.png,0.6835712492968644
PAT_307_659_85.png,-0.8751017011892038
PAT_359_1596_68.png,-0.4385946848991713
PAT_361_1567_487.png,1.069046857159857
PAT_1527_1794_662.png,1.4785810443545602
PAT_933_1766_191.png,1.024607916907089
PAT_267_411_513.png,-0.48759647963164415
PAT_97_151_587.png,1.9167425695405427
PAT_717_1347_899.png,-0.23814345228368247
PAT_489_932_138.png,4.310985339271677
PAT_520_983_221.png,-0.2097181880882729
PAT_1498_1719_816.png,2.9244283217525715
PAT_570_1084_939.png,-0.6515828279040814
PAT_996_6_622.png,-0.5332046932187852
PAT_401_4594_970.png,-0.5114662866956724
PAT_1913_3818_991.png,-0.2901233410725109
PAT_948_1801_721.png,-0.4118840156544688
PAT_431_850_472.png,3.0054878772769142
PAT_1075_324_177.png,-0.43659799101768915
PAT_1506_1735_733.png,-0.5067595241760888
PAT_237_363_344.png,-0.5067595241760888
PAT_1092_378_922.png,1.559374156944342
PAT_890_1693_904.png,-0.5336351019277022
PAT_267_1061_152.png,-0.5067595241760888
PAT_503_950_368.png,-0.40057905228128665
PAT_714_1337_709.png,0.6442584690972193
PAT_545_1031_428.png,-0.4592773102800178
PAT_59_46_537.png,0.31194855755142237
PAT_1124_489_151.png,-0.4592773102800178
PAT_609_1159_932.png,-0.5152402663354548
PAT_506_957_377.png,-0.431456115918754
PAT_1186_680_578.png,3.6122155552668813
PAT_91_356_273.png,0.5217775266022604
PAT_96_150_743.png,0.0039319112106512245
PAT_1203_724_762.png,1.0631287212130216
PAT_330_1440_532.png,-0.16988227871527117
PAT_217_332_906.png,-0.5067595241760888
PAT_1181_659_231.png,2.19344200282059
PAT_375_763_732.png,2.368299326224676
PAT_1472_1639_87.png,-0.5469228796655391
PAT_430_847_315.png,-0.3279314944316305
PAT_726_1371_543.png,-0.5067595241760888
PAT_524_987_738.png,1.4258085578476667
PAT_1600_2685_445.png,-0.2774087213400995
PAT_857_1627_310.png,-0.4385946848991713
PAT_874_1671_176.png,-0.47341198037951254
PAT_1309_1096_393.png,-0.4725006543602458
PAT_927_1759_849.png,2.1690148333212758
PAT_1798_3455_379.png,-0.34752715745058055
PAT_71_145_971.png,-0.08512088864898319
PAT_1583_2607_628.png,-0.47868117942593996
PAT_153_1200_541.png,-0.5067595241760888
PAT_300_647_501.png,-0.4118840156544688
PAT_319_678_357.png,-0.4983770583288125
PAT_691_1311_686.png,0.24622886352202553
PAT_1749_3288_409.png,-0.4932084717155821
PAT_1971_3984_534.png,-0.5336351019277022
PAT_975_1834_152.png,-0.4592773102800178
PAT_320_681_724.png,-0.4626544541807985
PAT_223_1067_569.png,-0.5945868393437883
PAT_1572_2494_224.png,0.9522463613204156
PAT_610_1156_461.png,-0.5336351019277022
PAT_191_293_699.png,1.639680310813249
PAT_1736_3246_166.png,-0.5943224406780245
PAT_768_1449_842.png,3.1087112393022625
PAT_1709_3159_935.png,-0.5326891350418634
PAT_467_904_235.png,-0.4592773102800178
PAT_281_1518_571.png,-0.4592773102800178
PAT_300_1478_445.png,-0.5575415750616877
PAT_994_1866_730.png,-0.4385946848991713
PAT_228_348_535.png,-0.5336351019277022
PAT_913_1730_815.png,-0.590705715136901
PAT_1648_2902_292.png,-0.4592773102800178
PAT_579_1099_837.png,2.742805573867187
PAT_512_962_998.png,0.7636803470607912
PAT_1596_2664_323.png,-0.41743076018717173
PAT_319_679_533.png,-0.43716400979168324
PAT_986_1855_702.png,-0.5050913883265216
PAT_1299_1055_591.png,-0.245459888242093
PAT_202_916_612.png,-0.5945868393437883
PAT_75_113_647.png,-0.4232662005550028
PAT_2043_4308_681.png,-0.5945868393437883
PAT_1520_1777_935.png,-0.33448256771421864
PAT_1423_1472_18.png,-0.499609652990798
PAT_309_662_737.png,-0.5336351019277022
PAT_1244_840_975.png,-0.5945868393437883
PAT_953_1806_845.png,-0.41079653533209065
PAT_1031_148_29.png,0.04284382690980706
PAT_1061_254_813.png,-0.5336351019277022
PAT_1708_3156_175.png,-0.47683985323660955
PAT_388_4500_67.png,-0.42884604436033724
PAT_1089_375_60.png,-0.5336351019277022
PAT_760_1456_878.png,-0.4118840156544688
PAT_1547_4232_115.png,-0.3745792196383043
PAT_465_901_106.png,-0.6868936173115776
PAT_709_1331_253.png,-0.4844649855173533
PAT_272_419_906.png,0.8621300962234134
PAT_286_1459_926.png,-0.4592773102800178
PAT_1740_3272_228.png,-0.5905514769763458
PAT_719_1361_160.png,-0.587677021318198
PAT_771_1488_562.png,-0.47072574675603673
PAT_1172_622_420.png,-0.46699849201490634
PAT_2109_4598_112.png,0.737318339752592
PAT_923_1753_706.png,-0.40178148120820767
PAT_982_1852_526.png,-0.5945868393437883
PAT_1373_1283_85.png,0.4105104640574488
PAT_67_104_695.png,-0.10579669313357251
PAT_996_6_367.png,-0.5324025250253814
PAT_1945_3923_428.png,2.898327281961856
PAT_1177_633_705.png,-0.5945868393437883
PAT_319_680_832.png,-0.46958876497633656
PAT_196_300_749.png,0.8888631464769027
PAT_1305_4097_251.png,-0.5033096302529833
PAT_1333_1177_261.png,-0.4592773102800178
PAT_139_207_342.png,0.44953820021222385
PAT_877_4672_612.png,1.9264082837184464
PAT_773_1459_554.png,-0.5067595241760888
PAT_119_181_684.png,-0.3985496155438182
PAT_625_1184_994.png,-0.4977907908456808
PAT_161_250_338.png,-0.4725006543602458
PAT_8_15_820.png,-0.3274042500043257
PAT_757_4220_942.png,-0.5362614617431029
PAT_441_2868_663.png,1.3795588152531628
PAT_906_1722_328.png,-0.4592773102800178
PAT_493_1862_360.png,0.6674329052936002
PAT_2128_4676_965.png,-0.4385946848991713
PAT_86_1082_220.png,-0.5945868393437883
PAT_193_297_295.png,-0.4118840156544688
PAT_2034_4269_670.png,-0.44661682953711035
PAT_20_30_44.png,-0.4037600606164652
PAT_1393_1354_535.png,-0.5447800765346438
PAT_53_81_194.png,-0.3085944082264365
PAT_82_125_525.png,-0.4725006543602458
PAT_1641_2886_284.png,0.013381060389561108
PAT_1453_1565_529.png,-0.532036508901627
PAT_36_49_935.png,0.017713740622848004
PAT_653_1234_311.png,-0.48640310598532566
PAT_2126_4654_644.png,-0.4725006543602458
PAT_796_1509_459.png,-0.5926530972166169
PAT_663_1254_732.png,-0.21910156256953828
PAT_104_1756_151.png,-0.4118840156544688
PAT_1128_497_322.png,1.8364005798355585
PAT_303_652_943.png,1.4858379588462236
PAT_1538_1830_693.png,0.43287833880502197
PAT_921_1750_313.png,0.962532497462605
PAT_758_1441_891.png,0.867814049559552
PAT_945_1796_583.png,-0.5939701602338299
PAT_1065_278_954.png,-0.31391211529289975
PAT_657_1247_455.png,-0.5206185041183663
PAT_338_709_306.png,-0.01642565339713142
PAT_935_1781_920.png,0.2961946756554501
PAT_478_916_806.png,-0.06282737375601441
PAT_194_298_367.png,-0.4797741268183228
PAT_406_808_975.png,0.5310414028609285
PAT_1418_1448_307.png,0.48184402077638316
PAT_1731_3237_197.png,-0.5336351019277022
PAT_319_680_166.png,-0.5336351019277022
PAT_666_1269_65.png,-0.47128544419808577
PAT_1243_837_806.png,-0.5577211018294567
PAT_1094_381_85.png,-0.5945868393437883
PAT_388_1592_576.png,1.074029381362103
PAT_719_1361_234.png,-0.3969844840583012
PAT_959_1813_1000.png,-0.5336351019277022
PAT_1185_679_115.png,-0.5067595241760888
PAT_1412_1421_512.png,-0.4527525491005938
PAT_117_179_983.png,-0.5055625796211044
PAT_771_1491_390.png,-0.49017323084862785
PAT_164_255_130.png,0.2831018464874608
PAT_230_1009_92.png,1.389995770656936
PAT_636_1204_521.png,-0.5336351019277022
PAT_1261_896_349.png,-0.5067595241760888
PAT_306_1646_903.png,0.3966817975197607
PAT_864_1645_626.png,-0.45826583664606213
PAT_513_964_343.png,0.8640838333621146
PAT_966_1825_584.png,-0.4912894561615245
PAT_324_1464_266.png,0.4945959553895829
PAT_138_206_507.png,-0.28301357789878956
PAT_361_1568_456.png,1.4773863636351876
PAT_844_1605_308.png,0.9866741207400351
PAT_755_1430_681.png,-0.4862359155243246
PAT_684_1303_178.png,0.18644953392880267
PAT_1070_305_907.png,-0.5945868393437883
PAT_1393_1355_316.png,-0.5945868393437883
PAT_1869_3663_335.png,1.3480670888008894
PAT_744_1404_951.png,-0.5890712360040159
PAT_598_1137_888.png,-0.5004128971211655
PAT_641_3704_317.png,-0.33448256771421864
PAT_177_275_905.png,-0.4592773102800178
PAT_637_1434_684.png,-0.4592773102800178
PAT_1509_1742_422.png,-0.4848634786828774
PAT_1139_523_682.png,4.560604114633315
PAT_91_356_74.png,0.12992215270457527
PAT_802_1516_910.png,-0.5045580016910852
PAT_1984_4038_265.png,-0.5067595241760888
PAT_535_1011_567.png,0.38818235384173083
PAT_587_1117_880.png,-0.05293438023530966
PAT_27_38_240.png,-0.47848259215306865
PAT_1707_3146_743.png,-0.48992511477018874
PAT_87_133_391.png,-0.46238523043890856
PAT_827_1601_859.png,-0.5927388946168287
PAT_1369_1270_496.png,-0.5945868393437883
PAT_897_1710_793.png,-0.5336351019277022
PAT_963_1817_593.png,-0.4592773102800178
PAT_2024_4224_141.png,0.6006185826410139
PAT_1051_220_356.png,-0.40153515055390054
PAT_238_364_387.png,-0.6868936173115776
PAT_1950_3932_655.png,-0.5067595241760888
PAT_1557_2399_681.png,-0.47848259215306865
PAT_1738_3260_304.png,-0.5013348078503914
PAT_704_1324_359.png,-0.5938531365141815
PAT_1762_3332_245.png,-0.5430415633979637
PAT_1918_3837_15.png,-0.47848259215306865
PAT_263_403_966.png,0.39885501839415743
PAT_992_1864_653.png,1.7503239660960839
PAT_854_1635_103.png,-0.48012717481731426
PAT_126_191_304.png,1.7409396486789719
PAT_937_1768_126.png,-0.47396196242783284
PAT_622_1185_922.png,-0.4524079823398722
PAT_1734_3240_299.png,-0.020418148017186073
PAT_713_1336_159.png,-0.4690281716473876
PAT_999_20_583.png,0.9146970060157983
PAT_1468_1622_219.png,-0.19419720030445983
PAT_1063_269_755.png,-0.4913087433467617
PAT_59_94_849.png,-0.5067595241760888
PAT_1940_3902_876.png,-0.5336351019277022
PAT_570_1085_429.png,-0.5038207189526435
PAT_166_3672_759.png,-0.33868807824782315
PAT_581_1114_116.png,0.32598756805250967
PAT_682_1292_642.png,-0.4592773102800178
PAT_455_885_115.png,-0.655156963683073
PAT_658_1266_149.png,-0.5067595241760888
PAT_1702_3548_386.png,-0.4592773102800178
PAT_61_299_74.png,-0.6868936173115776
PAT_522_985_991.png,-0.3659574891965933
PAT_305_655_30.png,-0.48402277145819317
PAT_691_3994_671.png,-0.5256550341837222
PAT_655_926_447.png,-0.5945868393437883
PAT_1761_3329_837.png,-0.4380783120448015
PAT_257_395_866.png,1.815321064759668
PAT_398_799_163.png,-0.4181251743147829
PAT_86_1082_41.png,-0.205150160188026
PAT_1907_3801_88.png,-0.4592773102800178
PAT_2155_4784_483.png,-0.4592773102800178
PAT_168_1486_97.png,5.245366616048825
PAT_1390_1346_709.png,-0.5067595241760888
PAT_645_1461_111.png,-0.47848259215306865
PAT_86_1109_164.png,2.156298303152053
PAT_2030_4246_973.png,-0.5945868393437883
PAT_38_54_234.png,-0.39405240708065964
PAT_782_1493_140.png,-0.30948844123326275
PAT_1760_3326_525.png,0.31807328008381897
PAT_1322_1137_201.png,-0.5336351019277022
PAT_735_1391_683.png,-0.45076510504560563
PAT_835_1578_52.png,-0.45760247402870047
PAT_368_1652_733.png,-0.34957018587425687
PAT_1071_313_789.png,-0.25136068958607366
PAT_1918_3836_82.png,-0.4725006543602458
PAT_1608_2720_196.png,-0.09017564467207131
PAT_53_1370_288.png,-0.5336351019277022
PAT_172_267_557.png,4.069181955410565
PAT_91_354_332.png,-0.2685012156187656
PAT_1215_752_707.png,1.06351948574139
PAT_1631_2837_667.png,-0.5067595241760888
PAT_1113_458_387.png,-0.5067595241760888
PAT_639_3674_452.png,3.45980508299307
PAT_513_964_447.png,0.45671220019381387
PAT_1282_978_328.png,-0.5447800765346438
PAT_738_1397_966.png,-0.19055518428643178
PAT_191_293_314.png,-0.4725006543602458
PAT_526_991_109.png,-0.4020574026592436
PAT_1728_3234_404.png,-0.3674916188677155
PAT_462_896_893.png,-0.5067595241760888
PAT_575_1088_134.png,-0.5067595241760888
PAT_834_1574_276.png,2.807091094858668
PAT_885_1687_823.png,-0.5067595241760888
PAT_531_1004_792.png,-0.4787593062236745
PAT_553_1049_461.png,-0.4118840156544688
PAT_482_2928_201.png,-0.5067595241760888
PAT_2068_4424_995.png,-0.4725006543602458
PAT_981_1848_906.png,-0.16170347996711687
PAT_1638_2878_536.png,-0.5945868393437883
PAT_388_787_818.png,-0.5169979360245412
PAT_504_953_569.png,-0.5067595241760888
PAT_79_120_739.png,-0.5067595241760888
PAT_665_1262_774.png,-0.4592773102800178
PAT_850_1611_332.png,5.2200762564023
PAT_1304_3507_308.png,-0.4592773102800178
PAT_1513_1747_851.png,-0.5945868393437883
PAT_1931_3879_727.png,-0.5067595241760888
PAT_531_1004_189.png,-0.3762386691045883
PAT_390_790_505.png,-0.5067595241760888
PAT_1277_964_77.png,-0.5282834919837222
PAT_1799_3457_209.png,-0.5067595241760888
PAT_2108_4596_837.png,-0.3249318341241016
PAT_567_1078_978.png,-0.019801298092594538
PAT_270_1386_755.png,-0.5067595241760888
PAT_71_108_56.png,-0.36681838008855444
PAT_1347_1226_928.png,-0.5447800765346438
PAT_1420_1461_93.png,0.7502222217426728
PAT_486_929_317.png,-0.33448256771421864
PAT_1216_759_542.png,3.765860552395629
PAT_885_1687_204.png,-0.5067595241760888
PAT_361_743_82.png,-0.47120224007120315
PAT_40_56_499.png,0.008333149782446472
PAT_86_131_107.png,4.484850980279276
PAT_1819_3569_217.png,-0.46952236079346915
PAT_168_261_38.png,-0.40320255666532606
PAT_1433_1499_29.png,-0.4611266124735754
PAT_243_372_640.png,-0.5336351019277022
PAT_87_133_810.png,-0.45075075775276374
PAT_247_378_484.png,1.7265206426391104
PAT_527_1359_165.png,-0.45015126667571914
PAT_472_910_453.png,-0.530832343440766
PAT_1018_107_68.png,-0.4725006543602458
PAT_632_3700_890.png,-0.5915568678073791
PAT_561_1068_557.png,-0.32733271277769344
PAT_757_1431_907.png,-0.5447800765346438
PAT_115_177_622.png,0.019479500247843798
PAT_359_740_46.png,-0.5067595241760888
PAT_400_801_376.png,0.4299992089589149
PAT_665_1261_17.png,-0.4592773102800178
PAT_980_1851_351.png,-0.5067595241760888
PAT_987_1859_724.png,-0.5055785038830306
PAT_1062_264_741.png,-0.5316908207112828
PAT_1298_1050_519.png,2.1407879158364618
PAT_999_20_540.png,3.1450392972631476
PAT_241_367_89.png,-0.49230476393197764
PAT_1591_2648_855.png,-0.4592773102800178
PAT_883_1682_256.png,-0.49969636418334007
PAT_957_1814_77.png,-0.4592773102800178
PAT_386_1554_455.png,0.4621510083807277
PAT_1723_3218_111.png,-0.501474295446159
PAT_813_1619_543.png,-0.4118840156544688
PAT_1269_936_965.png,-0.38229111879375444
PAT_161_250_197.png,-0.4725006543602458
PAT_51_78_959.png,-0.4725006543602458
PAT_572_1086_130.png,-0.4656511227160483
PAT_1022_114_756.png,-0.1181352506965596
PAT_92_141_551.png,0.19990515500302494
PAT_1577_2543_510.png,-0.4298586320501789
PAT_219_337_358.png,-0.3912943865096564
PAT_2011_4141_862.png,3.905086226921396
PAT_388_2452_548.png,-0.44409836635181676
PAT_1832_3597_594.png,-0.4592773102800178
PAT_1937_3897_131.png,-0.5862971308515248
PAT_106_158_249.png,-0.5458284017587897
PAT_108_161_878.png,-0.5945868393437883
PAT_981_1848_486.png,-0.2576413153840835
PAT_720_1362_700.png,-0.4725006543602458
PAT_118_180_386.png,-0.4118840156544688
PAT_690_1309_217.png,-0.4118840156544688
PAT_1349_1229_828.png,-0.6857979174192443
PAT_561_1069_418.png,-0.46499252699271626
PAT_1265_908_754.png,-0.5067595241760888
PAT_1657_2932_680.png,-0.49359319318005007
PAT_2099_4562_100.png,0.7114261814639078
PAT_1611_2725_680.png,3.798497343541103
PAT_788_1503_168.png,-0.49867172641792973
PAT_1402_1377_799.png,-0.4725006543602458
PAT_2062_4397_39.png,-0.47848259215306865
PAT_1370_1274_515.png,-0.5334214368660897
PAT_394_794_235.png,0.9996843361290411
PAT_241_367_374.png,-0.38041811724678065
PAT_519_979_104.png,-0.8675896085826796
PAT_1350_1230_878.png,-0.4592773102800178
PAT_1483_1678_538.png,1.3446292792677903
PAT_2113_4607_329.png,-0.4592773102800178
PAT_923_1753_496.png,-0.4118840156544688
PAT_1671_3008_622.png,-0.5247842859810932
PAT_997_14_40.png,-0.423744070802528
PAT_1993_4076_174.png,-0.5067595241760888
PAT_517_972_845.png,-0.2807201838859058
PAT_856_1626_523.png,0.10018519757987601
PAT_186_286_109.png,2.5871026091133404
PAT_1754_3308_783.png,-0.4592773102800178
PAT_731_1387_634.png,-0.5945868393437883
PAT_1543_4346_860.png,-0.46937285699193587
PAT_413_819_268.png,-0.47848259215306865
PAT_1029_135_239.png,-0.3476850491735248
PAT_549_1043_36.png,-0.2912653208799971
PAT_637_1217_274.png,-0.16907874324919034
PAT_798_1529_282.png,-0.33448256771421864
PAT_830_1565_911.png,-0.24810902718762817
PAT_583_1112_886.png,-0.16213114193092018
PAT_1132_508_325.png,-0.5945868393437883
PAT_645_1222_860.png,0.07530635202401276
PAT_1713_3179_888.png,-0.5052006606531171
PAT_367_753_130.png,-0.5447800765346438
PAT_1100_402_375.png,-0.5336351019277022
PAT_550_1045_81.png,2.18751710425602
PAT_645_1224_768.png,-0.15602623340754163
PAT_224_1340_142.png,-0.35654222952356845
PAT_728_1533_952.png,-0.5945868393437883
PAT_662_1251_380.png,2.6202293526469784
PAT_1391_1351_396.png,-0.4385946848991713
PAT_656_1246_483.png,-0.4592773102800178
PAT_827_1598_85.png,-0.4649478447622006
PAT_691_1311_890.png,0.017017433604562412
PAT_221_339_951.png,-0.5067595241760888
PAT_688_1305_242.png,3.6318987182737397
PAT_93_361_203.png,1.0862514147896847
PAT_1653_2916_346.png,-0.5067595241760888
PAT_677_1349_541.png,0.3162790409606028
PAT_2070_4430_290.png,-0.47108986305093653
PAT_419_2767_323.png,-0.4683040243905243
PAT_406_1542_301.png,-0.2641073641377314
PAT_529_994_419.png,0.7016705780458392
PAT_1406_1396_511.png,-0.5067595241760888
PAT_683_1297_839.png,-0.4592773102800178
PAT_168_262_74.png,0.18354145941947583
PAT_459_892_804.png,3.5578854223346283
PAT_1947_3926_165.png,-0.5242818490987812
PAT_1794_3435_711.png,-0.42597046736264477
PAT_747_1410_622.png,2.4388921109644786
PAT_113_172_610.png,-0.3927293101973826
PAT_845_1604_313.png,-0.38335106735544994
PAT_534_1009_924.png,-0.4592773102800178
PAT_191_294_419.png,-0.4118840156544688
PAT_478_1829_141.png,2.994124380602833
PAT_690_1309_154.png,-0.4118840156544688
PAT_1451_1561_100.png,-0.8385601304129762
PAT_212_326_597.png,-0.4118840156544688
PAT_827_1600_1000.png,-0.4725006543602458
PAT_737_1394_308.png,-0.4118840156544688
PAT_251_382_576.png,0.3142848935462638
PAT_38_1002_34.png,-0.42501281519068557
PAT_1810_3484_347.png,0.33504596692985583
PAT_833_1571_134.png,5.68645277252645
PAT_570_1084_637.png,-0.655156963683073
PAT_2123_4647_95.png,-0.5945868393437883
PAT_1408_1406_950.png,-0.5067595241760888
PAT_815_1534_411.png,-0.6500362412216681
PAT_831_1570_991.png,0.20771590338565968
PAT_768_1450_402.png,0.18374221073213454
PAT_1633_2855_594.png,0.2716387891429689
PAT_1492_1705_578.png,-0.4234638813892976
PAT_918_1742_456.png,-0.5030986144838105
PAT_645_4042_489.png,-0.508732059566398
PAT_464_1794_78.png,1.0105877482881895
PAT_874_1672_743.png,-0.4118840156544688
PAT_1351_1231_203.png,-0.33448256771421864
PAT_894_1680_410.png,-0.1431928758563652
PAT_120_183_623.png,2.6119693524206884
PAT_805_1517_647.png,-0.4185967168578989
PAT_987_1859_859.png,-0.4312366841240014
PAT_229_349_141.png,-0.4118840156544688
PAT_1118_470_710.png,-0.5054299256032007
PAT_67_104_730.png,-0.15290951182559384
PAT_958_1812_62.png,-0.9735942130606008
PAT_46_881_14.png,-0.5341673111612164
PAT_789_1483_793.png,-0.4592773102800178
PAT_1727_3233_399.png,-0.4364431708665008
PAT_505_951_710.png,0.25034209510996086
PAT_621_1182_456.png,-0.33448256771421864
PAT_167_258_711.png,0.1474051909063827
PAT_1451_1560_616.png,1.449116676328787
PAT_1855_3641_327.png,-0.5864770000713732
PAT_1216_760_593.png,-0.4125612992940054
PAT_2150_4766_754.png,-0.2963238907462314
PAT_206_312_595.png,-0.4896293953300295
PAT_181_281_54.png,0.8935112574746656
PAT_2140_4726_141.png,2.7924293215066633
PAT_29_40_561.png,-0.4592773102800178
PAT_359_4450_86.png,-0.5830166814053311
PAT_1993_4077_139.png,-0.5067595241760888
PAT_211_319_810.png,-0.5303843929784893
PAT_30_41_815.png,-0.4301634924546369
PAT_159_245_181.png,-0.5067595241760888
PAT_470_908_103.png,-0.5046191878673266
PAT_814_1532_265.png,-0.09441457959471765
PAT_632_1206_634.png,-0.47848259215306865
PAT_522_986_305.png,-0.4725006543602458
PAT_164_255_119.png,1.3596738640276722
PAT_260_400_842.png,-0.5067595241760888
PAT_409_2614_805.png,-0.469802978390362
PAT_1722_3214_672.png,-0.574163334940691
PAT_1505_1733_128.png,-0.4725006543602458
PAT_301_649_533.png,-0.5336351019277022
PAT_1665_2978_578.png,-0.5336351019277022
PAT_152_230_934.png,-0.3489012254564961
PAT_626_1187_34.png,-0.5414102636033943
PAT_2090_4532_178.png,-0.8712415887683901
PAT_1682_3052_873.png,-0.5336351019277022
PAT_180_279_377.png,0.11178765419742143
PAT_898_1706_496.png,-0.11005376660900916
PAT_211_318_942.png,-0.5067595241760888
PAT_547_1033_911.png,-0.3153844927072468
PAT_966_1825_546.png,-0.5067595241760888
PAT_901_1716_497.png,-0.5025617662662019
PAT_1689_3077_411.png,-0.5336351019277022
PAT_946_1809_687.png,-0.4118840156544688
PAT_532_3216_633.png,-0.20292974313482484
PAT_652_1231_516.png,-0.4592773102800178
PAT_1803_3463_639.png,-0.4592773102800178
PAT_287_440_729.png,-0.5945868393437883
PAT_463_897_440.png,-0.5067595241760888
PAT_723_1396_338.png,-0.5034156924179091
PAT_487_930_973.png,-0.37507143226175554
PAT_1341_1212_539.png,-0.5945868393437883
PAT_1031_148_66.png,1.3310127400081828
PAT_78_118_685.png,-0.4592773102800178
PAT_817_1537_643.png,-0.4112353279471967
PAT_15_1001_749.png,-0.03344598645844988
PAT_216_331_678.png,0.43752868149327806
PAT_32_44_211.png,-0.5067595241760888
PAT_858_1633_926.png,-0.013609711174658774
PAT_1569_2456_393.png,-0.3619373529275339
PAT_1482_1677_382.png,-0.5945868393437883
PAT_1718_3202_152.png,0.13403238243978874
PAT_681_1299_458.png,2.5477351418940164
PAT_359_741_973.png,-0.5037772452395795
PAT_1280_972_605.png,-0.5922047451048723
PAT_934_1777_423.png,-0.5067595241760888
PAT_1540_1847_249.png,-0.3968372790511334
PAT_1650_2913_374.png,-0.5935058524656842
PAT_2003_4107_766.png,-0.5316102245925696
PAT_281_1516_753.png,-0.47848259215306865
PAT_435_854_68.png,-0.502432609211476
PAT_810_1526_639.png,-0.5423739158785992
PAT_1714_3189_989.png,-0.3205068151315083
PAT_464_899_646.png,1.387679575457586
PAT_601_1147_943.png,-0.20376527792044094
PAT_900_1711_622.png,-0.358780706047003
PAT_1421_1464_297.png,-0.26128741760985275
PAT_835_1577_938.png,-0.5067595241760888
PAT_1392_1352_778.png,-0.5447800765346438
PAT_2016_4156_941.png,0.322517134654847
PAT_1690_3082_117.png,-0.35907949032416303
PAT_564_1079_31.png,-0.4725006543602458
PAT_1243_836_47.png,-0.407116043817132
PAT_669_1265_76.png,-0.4118840156544688
PAT_950_1804_64.png,-0.5067595241760888
PAT_994_1866_913.png,-0.4385946848991713
PAT_483_925_716.png,1.418693581831356
PAT_849_1612_143.png,-0.5041806719115907
PAT_1772_3346_66.png,1.254598403243245
PAT_715_1339_508.png,0.2814328662063209
PAT_1329_1168_620.png,3.471927689494055
PAT_1019_110_194.png,-0.4725006543602458
PAT_89_135_11.png,-0.4118840156544688
PAT_173_268_1000.png,-0.4725006543602458
PAT_406_809_581.png,0.11128660544109376
PAT_468_905_765.png,-0.5336351019277022
